household_id,old_firmware,new_firmware,update_date,update_success,post_update_drops_7day,pre_update_drops_7day
HH-00000,6.4.0,6.4.0,2024-04-25,0,5,4
HH-00001,6.4.0,6.4.0,2024-02-13,0,3,4
HH-00006,6.4.2,6.4.2,2024-04-21,0,4,4
HH-00007,6.4.2,6.5.0,2024-03-02,1,0,7
HH-00009,6.4.0,6.5.0,2024-03-15,1,3,6
HH-00011,6.4.2,6.4.2,2024-05-01,0,3,4
HH-00012,6.4.0,6.4.0,2024-05-23,0,1,4
HH-00013,6.4.2,6.4.2,2024-02-29,0,3,0
HH-00018,6.4.0,6.5.0,2024-03-01,1,1,6
HH-00020,6.4.2,6.4.2,2024-03-14,0,1,5
HH-00021,6.4.0,6.5.0,2024-02-01,1,3,1
HH-00023,6.4.2,6.5.0,2024-02-11,1,1,4
HH-00025,6.4.0,6.5.0,2024-03-08,1,0,2
HH-00028,6.4.2,6.5.0,2024-05-25,1,7,4
HH-00031,6.4.0,6.4.0,2024-05-03,0,5,4
HH-00032,6.4.0,6.4.0,2024-03-30,0,6,3
HH-00033,6.4.2,6.5.0,2024-05-22,1,5,8
HH-00036,6.4.2,6.5.0,2024-02-08,1,3,1
HH-00038,6.4.2,6.5.0,2024-04-03,1,4,2
HH-00040,6.4.2,6.5.0,2024-05-23,1,5,3
HH-00041,6.4.0,6.4.0,2024-04-01,0,3,7
HH-00043,6.4.2,6.4.2,2024-03-02,0,5,2
HH-00044,6.4.2,6.4.2,2024-05-01,0,4,5
HH-00045,6.4.2,6.5.0,2024-03-16,1,3,7
HH-00046,6.4.0,6.4.0,2024-03-19,0,4,5
HH-00047,6.4.0,6.5.0,2024-04-14,1,2,3
HH-00049,6.4.0,6.5.0,2024-05-05,1,6,7
HH-00051,6.4.2,6.4.2,2024-03-08,0,5,1
HH-00054,6.4.0,6.5.0,2024-05-29,1,0,7
HH-00055,6.4.2,6.5.0,2024-03-26,1,2,3
HH-00056,6.4.0,6.4.0,2024-03-06,0,2,1
HH-00058,6.4.0,6.4.0,2024-05-15,0,6,1
HH-00062,6.4.0,6.5.0,2024-05-17,1,5,1
HH-00064,6.4.2,6.4.2,2024-03-31,0,4,1
HH-00066,6.4.0,6.5.0,2024-03-06,1,7,3
HH-00070,6.4.0,6.5.0,2024-03-20,1,1,2
HH-00071,6.4.2,6.4.2,2024-02-25,0,7,0
HH-00072,6.4.0,6.4.0,2024-04-13,0,3,3
HH-00075,6.4.0,6.4.0,2024-01-31,0,2,1
HH-00076,6.4.2,6.4.2,2024-02-15,0,6,7
HH-00078,6.4.0,6.5.0,2024-02-15,1,1,6
HH-00079,6.4.0,6.5.0,2024-03-13,1,4,4
HH-00082,6.4.2,6.4.2,2024-03-06,0,2,6
HH-00085,6.4.0,6.4.0,2024-04-18,0,5,1
HH-00086,6.4.2,6.5.0,2024-02-22,1,0,4
HH-00088,6.4.0,6.5.0,2024-02-26,1,2,4
HH-00092,6.4.2,6.4.2,2024-02-05,0,3,5
HH-00095,6.4.0,6.5.0,2024-03-11,1,5,5
HH-00096,6.4.2,6.5.0,2024-04-15,1,2,3
HH-00098,6.4.0,6.5.0,2024-05-19,1,4,4
HH-00100,6.4.0,6.5.0,2024-03-26,1,2,4
HH-00101,6.4.0,6.5.0,2024-03-10,1,7,4
HH-00102,6.4.0,6.5.0,2024-02-09,1,1,6
HH-00108,6.4.2,6.4.2,2024-05-09,0,4,4
HH-00112,6.4.2,6.5.0,2024-03-29,1,2,3
HH-00113,6.4.2,6.4.2,2024-02-21,0,1,3
HH-00115,6.4.2,6.5.0,2024-02-13,1,8,5
HH-00116,6.4.0,6.4.0,2024-02-25,0,2,4
HH-00117,6.4.0,6.5.0,2024-04-21,1,2,7
HH-00118,6.4.2,6.5.0,2024-02-11,1,1,6
HH-00123,6.4.0,6.4.0,2024-03-26,0,6,4
HH-00125,6.4.2,6.4.2,2024-03-13,0,3,3
HH-00126,6.4.0,6.5.0,2024-03-30,1,2,7
HH-00130,6.4.0,6.5.0,2024-05-24,1,0,5
HH-00131,6.4.0,6.5.0,2024-04-13,1,3,4
HH-00136,6.4.2,6.5.0,2024-05-22,1,2,8
HH-00138,6.4.2,6.4.2,2024-02-16,0,6,6
HH-00140,6.4.0,6.5.0,2024-03-11,1,4,4
HH-00142,6.4.0,6.5.0,2024-03-18,1,0,4
HH-00143,6.4.2,6.4.2,2024-04-10,0,7,5
HH-00144,6.4.0,6.4.0,2024-05-29,0,4,6
HH-00146,6.4.2,6.5.0,2024-02-15,1,3,3
HH-00148,6.4.2,6.5.0,2024-05-07,1,4,3
HH-00153,6.4.2,6.5.0,2024-02-08,1,5,4
HH-00154,6.4.2,6.5.0,2024-02-22,1,7,6
HH-00157,6.4.2,6.5.0,2024-03-24,1,5,7
HH-00158,6.4.0,6.4.0,2024-05-09,0,2,2
HH-00160,6.4.2,6.5.0,2024-05-12,1,2,2
HH-00163,6.4.0,6.5.0,2024-02-19,1,4,4
HH-00169,6.4.2,6.5.0,2024-05-13,1,3,2
HH-00170,6.4.0,6.4.0,2024-04-02,0,3,3
HH-00171,6.4.0,6.5.0,2024-05-01,1,2,7
HH-00174,6.4.0,6.4.0,2024-05-25,0,6,3
HH-00175,6.4.2,6.4.2,2024-04-02,0,6,3
HH-00178,6.4.0,6.5.0,2024-05-20,1,2,4
HH-00180,6.4.0,6.5.0,2024-03-23,1,4,5
HH-00181,6.4.2,6.4.2,2024-04-25,0,5,2
HH-00184,6.4.2,6.4.2,2024-03-22,0,5,3
HH-00186,6.4.2,6.5.0,2024-03-13,1,8,8
HH-00191,6.4.2,6.5.0,2024-04-21,1,3,6
HH-00192,6.4.2,6.4.2,2024-04-06,0,3,3
HH-00195,6.4.2,6.4.2,2024-05-18,0,6,5
HH-00196,6.4.2,6.5.0,2024-04-20,1,3,5
HH-00198,6.4.0,6.5.0,2024-02-04,1,3,4
HH-00202,6.4.2,6.4.2,2024-05-28,0,0,5
HH-00203,6.4.2,6.4.2,2024-05-25,0,5,5
HH-00206,6.4.2,6.5.0,2024-02-15,1,2,3
HH-00207,6.4.0,6.5.0,2024-03-03,1,4,4
HH-00213,6.4.2,6.4.2,2024-03-27,0,7,1
HH-00214,6.4.0,6.4.0,2024-02-06,0,7,6
HH-00215,6.4.2,6.4.2,2024-03-10,0,3,3
HH-00216,6.4.0,6.4.0,2024-02-04,0,7,2
HH-00217,6.4.2,6.4.2,2024-02-10,0,1,0
HH-00221,6.4.0,6.5.0,2024-05-29,1,3,6
HH-00224,6.4.0,6.5.0,2024-04-04,1,1,1
HH-00226,6.4.0,6.4.0,2024-02-27,0,6,3
HH-00229,6.4.0,6.5.0,2024-02-08,1,7,3
HH-00230,6.4.2,6.5.0,2024-03-12,1,2,6
HH-00231,6.4.0,6.5.0,2024-05-18,1,5,4
HH-00232,6.4.2,6.4.2,2024-04-19,0,1,3
HH-00233,6.4.0,6.4.0,2024-05-23,0,1,2
HH-00234,6.4.0,6.5.0,2024-04-28,1,3,3
HH-00236,6.4.2,6.4.2,2024-04-14,0,3,5
HH-00237,6.4.2,6.4.2,2024-03-07,0,2,3
HH-00241,6.4.0,6.5.0,2024-03-12,1,5,4
HH-00242,6.4.0,6.4.0,2024-02-23,0,6,6
HH-00244,6.4.2,6.4.2,2024-02-27,0,6,2
HH-00245,6.4.0,6.4.0,2024-02-10,0,6,5
HH-00246,6.4.2,6.5.0,2024-04-23,1,2,7
HH-00248,6.4.0,6.5.0,2024-03-06,1,2,5
HH-00249,6.4.0,6.5.0,2024-02-14,1,2,1
HH-00250,6.4.0,6.5.0,2024-03-19,1,1,5
HH-00252,6.4.2,6.5.0,2024-04-01,1,2,1
HH-00255,6.4.0,6.5.0,2024-02-26,1,2,4
HH-00257,6.4.0,6.5.0,2024-05-09,1,3,2
HH-00258,6.4.0,6.5.0,2024-02-15,1,1,2
HH-00261,6.4.2,6.4.2,2024-03-23,0,2,6
HH-00262,6.4.0,6.5.0,2024-03-09,1,3,2
HH-00265,6.4.0,6.4.0,2024-03-24,0,7,3
HH-00267,6.4.0,6.5.0,2024-03-14,1,2,3
HH-00273,6.4.2,6.5.0,2024-04-10,1,4,4
HH-00274,6.4.0,6.4.0,2024-03-30,0,3,10
HH-00281,6.4.0,6.5.0,2024-02-13,1,3,7
HH-00284,6.4.0,6.5.0,2024-04-19,1,2,7
HH-00285,6.4.2,6.5.0,2024-03-28,1,3,2
HH-00289,6.4.2,6.5.0,2024-05-12,1,2,4
HH-00294,6.4.2,6.5.0,2024-03-25,1,3,5
HH-00296,6.4.0,6.4.0,2024-03-15,0,2,3
HH-00297,6.4.2,6.5.0,2024-05-28,1,0,2
HH-00298,6.4.0,6.5.0,2024-04-18,1,1,7
HH-00300,6.4.2,6.5.0,2024-02-14,1,2,2
HH-00302,6.4.2,6.5.0,2024-04-03,1,7,2
HH-00304,6.4.0,6.5.0,2024-04-19,1,3,6
HH-00305,6.4.0,6.4.0,2024-02-11,0,5,1
HH-00306,6.4.0,6.4.0,2024-02-20,0,6,4
HH-00307,6.4.0,6.4.0,2024-05-28,0,1,3
HH-00311,6.4.2,6.4.2,2024-05-28,0,5,3
HH-00314,6.4.0,6.5.0,2024-04-05,1,2,5
HH-00315,6.4.0,6.4.0,2024-05-16,0,0,5
HH-00319,6.4.0,6.4.0,2024-03-20,0,2,5
HH-00322,6.4.0,6.4.0,2024-02-12,0,6,7
HH-00325,6.4.0,6.5.0,2024-04-26,1,1,4
HH-00328,6.4.0,6.5.0,2024-05-07,1,2,1
HH-00329,6.4.0,6.5.0,2024-05-26,1,3,5
HH-00337,6.4.0,6.5.0,2024-03-17,1,2,2
HH-00340,6.4.2,6.5.0,2024-02-06,1,1,7
HH-00345,6.4.0,6.4.0,2024-03-15,0,2,2
HH-00348,6.4.0,6.5.0,2024-02-16,1,3,2
HH-00349,6.4.2,6.4.2,2024-03-18,0,4,3
HH-00350,6.4.2,6.4.2,2024-04-08,0,3,5
HH-00353,6.4.0,6.4.0,2024-05-26,0,1,4
HH-00354,6.4.0,6.5.0,2024-05-08,1,6,5
HH-00355,6.4.0,6.5.0,2024-03-24,1,0,6
HH-00359,6.4.0,6.5.0,2024-03-29,1,4,3
HH-00360,6.4.2,6.5.0,2024-02-20,1,4,4
HH-00362,6.4.0,6.4.0,2024-04-20,0,5,3
HH-00363,6.4.2,6.5.0,2024-05-22,1,3,1
HH-00364,6.4.0,6.5.0,2024-03-08,1,4,3
HH-00366,6.4.2,6.5.0,2024-03-12,1,7,3
HH-00368,6.4.2,6.5.0,2024-04-28,1,2,1
HH-00370,6.4.0,6.5.0,2024-04-30,1,2,4
HH-00372,6.4.0,6.4.0,2024-04-09,0,4,1
HH-00373,6.4.2,6.5.0,2024-03-14,1,1,6
HH-00374,6.4.0,6.5.0,2024-03-06,1,1,5
HH-00375,6.4.2,6.4.2,2024-05-25,0,2,2
HH-00376,6.4.0,6.4.0,2024-02-20,0,2,6
HH-00378,6.4.2,6.4.2,2024-02-16,0,5,2
HH-00381,6.4.0,6.5.0,2024-03-27,1,2,5
HH-00384,6.4.2,6.5.0,2024-05-26,1,6,2
HH-00385,6.4.0,6.4.0,2024-02-03,0,1,3
HH-00386,6.4.0,6.5.0,2024-04-16,1,2,6
HH-00388,6.4.0,6.5.0,2024-03-26,1,1,2
HH-00391,6.4.0,6.4.0,2024-04-03,0,1,6
HH-00393,6.4.0,6.5.0,2024-02-15,1,3,3
HH-00394,6.4.2,6.4.2,2024-05-08,0,1,5
HH-00397,6.4.0,6.4.0,2024-04-25,0,2,5
HH-00398,6.4.0,6.5.0,2024-03-08,1,6,3
HH-00407,6.4.0,6.5.0,2024-05-25,1,4,2
HH-00409,6.4.0,6.5.0,2024-04-25,1,2,1
HH-00410,6.4.2,6.5.0,2024-05-03,1,2,4
HH-00412,6.4.2,6.5.0,2024-05-08,1,6,3
HH-00415,6.4.0,6.4.0,2024-05-07,0,5,2
HH-00418,6.4.0,6.5.0,2024-05-04,1,0,4
HH-00423,6.4.0,6.4.0,2024-01-31,0,1,2
HH-00424,6.4.0,6.4.0,2024-02-23,0,3,7
HH-00425,6.4.0,6.5.0,2024-05-25,1,0,4
HH-00428,6.4.2,6.5.0,2024-04-03,1,3,8
HH-00429,6.4.2,6.5.0,2024-02-05,1,0,6
HH-00430,6.4.2,6.5.0,2024-03-24,1,5,3
HH-00432,6.4.2,6.5.0,2024-04-28,1,0,4
HH-00434,6.4.0,6.4.0,2024-03-11,0,11,1
HH-00435,6.4.2,6.4.2,2024-03-14,0,7,3
HH-00437,6.4.2,6.4.2,2024-04-30,0,1,4
HH-00439,6.4.2,6.4.2,2024-05-02,0,3,3
HH-00440,6.4.0,6.5.0,2024-04-13,1,1,9
HH-00447,6.4.2,6.4.2,2024-02-20,0,3,8
HH-00448,6.4.0,6.5.0,2024-04-15,1,1,4
HH-00453,6.4.0,6.5.0,2024-03-15,1,1,4
HH-00454,6.4.2,6.5.0,2024-05-06,1,5,5
HH-00457,6.4.0,6.4.0,2024-02-07,0,2,2
HH-00460,6.4.2,6.4.2,2024-02-06,0,5,8
HH-00465,6.4.0,6.5.0,2024-03-01,1,2,4
HH-00466,6.4.2,6.5.0,2024-04-15,1,5,6
HH-00468,6.4.2,6.5.0,2024-05-04,1,4,6
HH-00470,6.4.2,6.4.2,2024-04-21,0,7,3
HH-00473,6.4.2,6.5.0,2024-05-12,1,0,7
HH-00475,6.4.0,6.5.0,2024-05-13,1,5,4
HH-00477,6.4.2,6.4.2,2024-04-21,0,5,6
HH-00478,6.4.2,6.5.0,2024-05-02,1,3,3
HH-00480,6.4.2,6.5.0,2024-02-09,1,3,6
HH-00482,6.4.0,6.4.0,2024-04-12,0,3,5
HH-00483,6.4.2,6.5.0,2024-03-11,1,3,3
HH-00484,6.4.2,6.5.0,2024-05-14,1,5,4
HH-00487,6.4.2,6.4.2,2024-04-18,0,4,8
HH-00488,6.4.2,6.4.2,2024-04-19,0,4,3
HH-00491,6.4.2,6.5.0,2024-03-12,1,3,3
HH-00492,6.4.0,6.4.0,2024-03-19,0,5,1
HH-00494,6.4.0,6.5.0,2024-04-13,1,2,3
HH-00496,6.4.0,6.5.0,2024-05-01,1,4,2
HH-00498,6.4.0,6.4.0,2024-03-16,0,6,7
HH-00499,6.4.2,6.5.0,2024-02-15,1,3,2
HH-00500,6.4.0,6.4.0,2024-04-19,0,2,7
HH-00503,6.4.0,6.5.0,2024-02-29,1,6,6
HH-00506,6.4.0,6.4.0,2024-04-30,0,2,3
HH-00509,6.4.0,6.4.0,2024-02-20,0,4,6
HH-00513,6.4.2,6.5.0,2024-03-23,1,2,3
HH-00515,6.4.2,6.5.0,2024-04-13,1,4,0
HH-00516,6.4.2,6.4.2,2024-04-13,0,6,4
HH-00517,6.4.2,6.4.2,2024-05-13,0,5,3
HH-00519,6.4.2,6.5.0,2024-04-05,1,4,4
HH-00520,6.4.2,6.5.0,2024-04-12,1,2,3
HH-00521,6.4.0,6.4.0,2024-02-20,0,4,2
HH-00522,6.4.2,6.5.0,2024-02-14,1,2,4
HH-00523,6.4.0,6.5.0,2024-03-04,1,3,5
HH-00524,6.4.0,6.5.0,2024-04-06,1,3,5
HH-00526,6.4.2,6.5.0,2024-04-12,1,3,1
HH-00528,6.4.0,6.5.0,2024-05-05,1,1,3
HH-00530,6.4.0,6.5.0,2024-02-13,1,4,2
HH-00532,6.4.2,6.5.0,2024-04-07,1,4,3
HH-00533,6.4.2,6.5.0,2024-03-03,1,0,4
HH-00538,6.4.0,6.4.0,2024-03-07,0,4,4
HH-00539,6.4.0,6.4.0,2024-02-04,0,5,4
HH-00541,6.4.2,6.5.0,2024-03-18,1,1,5
HH-00543,6.4.2,6.5.0,2024-03-18,1,4,3
HH-00544,6.4.2,6.5.0,2024-03-04,1,6,1
HH-00551,6.4.0,6.5.0,2024-05-25,1,3,2
HH-00553,6.4.2,6.4.2,2024-05-21,0,5,7
HH-00554,6.4.2,6.4.2,2024-04-03,0,1,8
HH-00555,6.4.2,6.4.2,2024-05-15,0,4,3
HH-00557,6.4.2,6.4.2,2024-05-16,0,0,3
HH-00559,6.4.2,6.4.2,2024-02-13,0,7,7
HH-00566,6.4.2,6.4.2,2024-04-06,0,5,5
HH-00567,6.4.2,6.4.2,2024-03-08,0,2,1
HH-00568,6.4.2,6.4.2,2024-05-01,0,6,5
HH-00572,6.4.2,6.4.2,2024-03-03,0,5,5
HH-00573,6.4.2,6.5.0,2024-04-16,1,4,5
HH-00574,6.4.2,6.4.2,2024-03-06,0,5,8
HH-00576,6.4.2,6.5.0,2024-02-22,1,4,3
HH-00579,6.4.0,6.5.0,2024-03-13,1,2,1
HH-00582,6.4.2,6.5.0,2024-04-17,1,3,1
HH-00583,6.4.2,6.4.2,2024-04-24,0,3,2
HH-00584,6.4.0,6.4.0,2024-05-18,0,3,7
HH-00586,6.4.0,6.5.0,2024-03-10,1,0,5
HH-00587,6.4.0,6.5.0,2024-03-21,1,2,4
HH-00589,6.4.2,6.4.2,2024-02-28,0,2,3
HH-00591,6.4.0,6.4.0,2024-04-23,0,7,2
HH-00595,6.4.0,6.5.0,2024-04-27,1,2,2
HH-00597,6.4.2,6.4.2,2024-04-01,0,8,4
HH-00598,6.4.2,6.5.0,2024-04-12,1,4,5
HH-00599,6.4.2,6.5.0,2024-05-12,1,1,5
HH-00603,6.4.2,6.5.0,2024-05-03,1,4,6
HH-00605,6.4.0,6.4.0,2024-04-06,0,3,4
HH-00608,6.4.0,6.5.0,2024-04-15,1,0,6
HH-00609,6.4.0,6.4.0,2024-05-04,0,1,4
HH-00611,6.4.2,6.5.0,2024-04-27,1,3,2
HH-00612,6.4.2,6.4.2,2024-02-13,0,5,2
HH-00614,6.4.0,6.5.0,2024-03-27,1,6,2
HH-00615,6.4.2,6.5.0,2024-03-12,1,1,5
HH-00618,6.4.0,6.5.0,2024-05-15,1,4,4
HH-00622,6.4.2,6.4.2,2024-03-09,0,5,4
HH-00623,6.4.2,6.5.0,2024-05-23,1,2,3
HH-00625,6.4.2,6.5.0,2024-05-03,1,2,1
HH-00626,6.4.0,6.5.0,2024-02-04,1,2,7
HH-00628,6.4.0,6.5.0,2024-02-07,1,0,1
HH-00630,6.4.2,6.4.2,2024-03-02,0,1,1
HH-00631,6.4.0,6.5.0,2024-02-28,1,3,7
HH-00636,6.4.0,6.4.0,2024-04-20,0,7,6
HH-00637,6.4.2,6.4.2,2024-05-14,0,1,6
HH-00640,6.4.0,6.4.0,2024-02-21,0,3,4
HH-00641,6.4.2,6.4.2,2024-05-27,0,6,3
HH-00644,6.4.0,6.5.0,2024-04-15,1,7,3
HH-00647,6.4.2,6.4.2,2024-05-03,0,2,6
HH-00648,6.4.2,6.4.2,2024-05-10,0,5,4
HH-00649,6.4.0,6.4.0,2024-04-24,0,3,4
HH-00650,6.4.2,6.5.0,2024-04-23,1,3,6
HH-00651,6.4.2,6.4.2,2024-04-30,0,4,6
HH-00656,6.4.2,6.5.0,2024-02-29,1,3,4
HH-00659,6.4.2,6.5.0,2024-02-16,1,4,1
HH-00662,6.4.2,6.4.2,2024-04-13,0,2,8
HH-00663,6.4.0,6.4.0,2024-04-01,0,3,6
HH-00664,6.4.2,6.5.0,2024-04-14,1,3,4
HH-00665,6.4.2,6.5.0,2024-05-20,1,3,8
HH-00666,6.4.2,6.5.0,2024-04-02,1,3,2
HH-00667,6.4.2,6.5.0,2024-04-12,1,1,7
HH-00669,6.4.2,6.4.2,2024-04-23,0,3,2
HH-00672,6.4.2,6.5.0,2024-02-17,1,3,7
HH-00676,6.4.0,6.5.0,2024-03-11,1,2,4
HH-00678,6.4.2,6.5.0,2024-02-28,1,3,3
HH-00681,6.4.0,6.4.0,2024-05-20,0,7,2
HH-00685,6.4.2,6.4.2,2024-02-03,0,8,9
HH-00686,6.4.0,6.5.0,2024-05-24,1,4,3
HH-00689,6.4.2,6.4.2,2024-02-03,0,7,6
HH-00692,6.4.2,6.4.2,2024-03-26,0,7,5
HH-00693,6.4.0,6.5.0,2024-02-24,1,3,3
HH-00694,6.4.2,6.4.2,2024-04-10,0,2,1
HH-00696,6.4.0,6.5.0,2024-02-12,1,3,5
HH-00697,6.4.0,6.4.0,2024-05-17,0,2,4
HH-00702,6.4.0,6.4.0,2024-02-05,0,3,5
HH-00708,6.4.2,6.4.2,2024-03-17,0,3,3
HH-00712,6.4.0,6.5.0,2024-05-03,1,1,4
HH-00714,6.4.2,6.5.0,2024-05-03,1,3,3
HH-00721,6.4.0,6.4.0,2024-03-05,0,1,1
HH-00722,6.4.2,6.4.2,2024-05-24,0,7,4
HH-00725,6.4.2,6.4.2,2024-05-19,0,4,2
HH-00730,6.4.2,6.5.0,2024-04-12,1,3,2
HH-00732,6.4.2,6.5.0,2024-02-08,1,3,9
HH-00733,6.4.0,6.4.0,2024-04-21,0,2,3
HH-00734,6.4.2,6.5.0,2024-05-10,1,1,4
HH-00735,6.4.2,6.4.2,2024-04-24,0,4,3
HH-00736,6.4.2,6.4.2,2024-04-23,0,3,1
HH-00739,6.4.0,6.4.0,2024-04-26,0,2,3
HH-00741,6.4.0,6.5.0,2024-04-12,1,5,7
HH-00742,6.4.2,6.4.2,2024-05-05,0,6,1
HH-00745,6.4.2,6.5.0,2024-03-30,1,3,2
HH-00746,6.4.2,6.5.0,2024-02-09,1,1,0
HH-00749,6.4.2,6.5.0,2024-03-07,1,0,5
HH-00751,6.4.2,6.5.0,2024-02-13,1,3,3
HH-00753,6.4.2,6.4.2,2024-05-17,0,6,4
HH-00755,6.4.0,6.4.0,2024-05-16,0,2,6
HH-00756,6.4.2,6.5.0,2024-05-04,1,2,2
HH-00757,6.4.0,6.5.0,2024-02-15,1,3,4
HH-00758,6.4.0,6.4.0,2024-02-27,0,3,5
HH-00760,6.4.2,6.4.2,2024-03-10,0,5,3
HH-00765,6.4.2,6.5.0,2024-03-01,1,1,6
HH-00770,6.4.2,6.5.0,2024-04-02,1,3,5
HH-00771,6.4.2,6.4.2,2024-05-19,0,2,2
HH-00773,6.4.2,6.5.0,2024-02-23,1,2,5
HH-00776,6.4.2,6.5.0,2024-05-27,1,1,4
HH-00778,6.4.2,6.5.0,2024-04-10,1,2,4
HH-00780,6.4.2,6.5.0,2024-04-01,1,4,4
HH-00781,6.4.0,6.5.0,2024-05-24,1,1,7
HH-00782,6.4.0,6.5.0,2024-03-02,1,4,5
HH-00787,6.4.2,6.5.0,2024-03-17,1,1,6
HH-00791,6.4.2,6.5.0,2024-03-20,1,4,3
HH-00794,6.4.0,6.4.0,2024-03-19,0,4,4
HH-00795,6.4.2,6.5.0,2024-05-27,1,1,2
HH-00803,6.4.2,6.4.2,2024-05-29,0,3,3
HH-00808,6.4.2,6.5.0,2024-03-12,1,5,6
HH-00809,6.4.0,6.5.0,2024-05-08,1,2,7
HH-00812,6.4.2,6.5.0,2024-04-02,1,3,2
HH-00817,6.4.0,6.4.0,2024-05-29,0,2,3
HH-00819,6.4.0,6.5.0,2024-03-25,1,3,5
HH-00820,6.4.2,6.4.2,2024-02-06,0,1,1
HH-00821,6.4.0,6.4.0,2024-05-21,0,4,3
HH-00822,6.4.2,6.4.2,2024-04-15,0,6,3
HH-00823,6.4.2,6.5.0,2024-04-08,1,3,4
HH-00826,6.4.2,6.5.0,2024-02-25,1,4,6
HH-00829,6.4.0,6.4.0,2024-04-25,0,5,1
HH-00831,6.4.0,6.5.0,2024-03-30,1,6,2
HH-00832,6.4.2,6.4.2,2024-04-13,0,3,5
HH-00833,6.4.0,6.4.0,2024-04-24,0,5,4
HH-00834,6.4.2,6.5.0,2024-04-29,1,4,5
HH-00835,6.4.0,6.4.0,2024-05-23,0,3,4
HH-00837,6.4.0,6.5.0,2024-03-25,1,4,6
HH-00838,6.4.2,6.5.0,2024-02-02,1,3,1
HH-00839,6.4.2,6.5.0,2024-03-09,1,4,7
HH-00840,6.4.0,6.4.0,2024-03-06,0,3,2
HH-00847,6.4.2,6.5.0,2024-04-13,1,1,7
HH-00849,6.4.0,6.5.0,2024-04-28,1,4,5
HH-00854,6.4.0,6.4.0,2024-03-24,0,8,7
HH-00855,6.4.2,6.4.2,2024-03-10,0,5,3
HH-00859,6.4.0,6.5.0,2024-05-15,1,2,6
HH-00860,6.4.0,6.4.0,2024-05-16,0,6,3
HH-00861,6.4.0,6.5.0,2024-03-15,1,0,2
HH-00863,6.4.0,6.4.0,2024-03-16,0,4,5
HH-00864,6.4.2,6.5.0,2024-03-13,1,4,4
HH-00865,6.4.0,6.4.0,2024-02-23,0,1,4
HH-00866,6.4.2,6.5.0,2024-03-30,1,0,9
HH-00868,6.4.2,6.5.0,2024-05-06,1,2,2
HH-00869,6.4.0,6.4.0,2024-04-08,0,4,3
HH-00872,6.4.2,6.4.2,2024-03-14,0,1,7
HH-00873,6.4.2,6.4.2,2024-05-26,0,5,6
HH-00874,6.4.0,6.4.0,2024-02-20,0,9,2
HH-00877,6.4.2,6.4.2,2024-05-29,0,3,3
HH-00878,6.4.0,6.5.0,2024-04-12,1,5,4
HH-00879,6.4.0,6.4.0,2024-04-09,0,2,9
HH-00881,6.4.2,6.4.2,2024-04-02,0,3,4
HH-00884,6.4.0,6.5.0,2024-02-09,1,3,4
HH-00885,6.4.0,6.5.0,2024-02-25,1,2,5
HH-00886,6.4.0,6.5.0,2024-02-10,1,2,7
HH-00888,6.4.2,6.4.2,2024-02-11,0,3,5
HH-00889,6.4.0,6.4.0,2024-02-20,0,4,1
HH-00890,6.4.2,6.4.2,2024-04-14,0,3,5
HH-00891,6.4.0,6.4.0,2024-04-10,0,3,4
HH-00892,6.4.0,6.5.0,2024-04-16,1,0,7
HH-00894,6.4.0,6.5.0,2024-02-10,1,6,2
HH-00899,6.4.0,6.4.0,2024-04-03,0,2,5
HH-00900,6.4.2,6.4.2,2024-03-19,0,2,1
HH-00901,6.4.0,6.4.0,2024-04-11,0,4,2
HH-00905,6.4.2,6.4.2,2024-03-01,0,6,2
HH-00906,6.4.0,6.5.0,2024-04-03,1,2,3
HH-00907,6.4.2,6.5.0,2024-05-27,1,2,6
HH-00910,6.4.0,6.4.0,2024-04-19,0,4,3
HH-00912,6.4.2,6.5.0,2024-03-03,1,2,5
HH-00913,6.4.0,6.5.0,2024-05-14,1,3,2
HH-00914,6.4.0,6.4.0,2024-04-18,0,4,6
HH-00917,6.4.2,6.5.0,2024-04-21,1,3,5
HH-00919,6.4.0,6.4.0,2024-05-22,0,7,5
HH-00923,6.4.2,6.5.0,2024-03-06,1,3,2
HH-00925,6.4.2,6.5.0,2024-04-04,1,4,1
HH-00926,6.4.2,6.5.0,2024-05-04,1,2,3
HH-00927,6.4.2,6.4.2,2024-03-18,0,4,4
HH-00928,6.4.2,6.5.0,2024-02-06,1,0,3
HH-00934,6.4.0,6.4.0,2024-04-28,0,3,0
HH-00935,6.4.2,6.5.0,2024-05-09,1,2,7
HH-00936,6.4.2,6.5.0,2024-03-17,1,5,3
HH-00940,6.4.0,6.5.0,2024-03-19,1,3,4
HH-00948,6.4.2,6.4.2,2024-05-14,0,3,4
HH-00949,6.4.2,6.5.0,2024-03-18,1,2,5
HH-00952,6.4.2,6.4.2,2024-03-29,0,5,6
HH-00953,6.4.2,6.5.0,2024-04-14,1,1,4
HH-00955,6.4.2,6.4.2,2024-03-18,0,4,5
HH-00958,6.4.2,6.4.2,2024-03-22,0,4,5
HH-00959,6.4.2,6.5.0,2024-04-02,1,3,3
HH-00960,6.4.0,6.4.0,2024-05-19,0,3,5
HH-00962,6.4.0,6.5.0,2024-05-09,1,4,7
HH-00963,6.4.2,6.5.0,2024-02-25,1,2,5
HH-00964,6.4.0,6.5.0,2024-02-18,1,2,5
HH-00969,6.4.2,6.4.2,2024-02-20,0,4,5
HH-00970,6.4.2,6.5.0,2024-03-10,1,3,3
HH-00972,6.4.2,6.5.0,2024-05-28,1,2,5
HH-00978,6.4.0,6.5.0,2024-03-02,1,4,6
HH-00979,6.4.0,6.5.0,2024-04-26,1,6,4
HH-00980,6.4.2,6.4.2,2024-03-07,0,8,3
HH-00986,6.4.0,6.4.0,2024-04-12,0,5,0
HH-00988,6.4.2,6.5.0,2024-02-23,1,3,1
HH-00989,6.4.2,6.5.0,2024-05-17,1,0,3
HH-00991,6.4.0,6.4.0,2024-03-10,0,5,2
HH-00992,6.4.0,6.5.0,2024-03-19,1,3,3
HH-00993,6.4.0,6.4.0,2024-04-14,0,2,3
HH-00995,6.4.2,6.4.2,2024-05-08,0,3,5
HH-00996,6.4.0,6.4.0,2024-03-12,0,2,8
HH-00997,6.4.2,6.5.0,2024-04-25,1,7,4
HH-00998,6.4.0,6.5.0,2024-04-28,1,3,1
HH-01000,6.4.2,6.5.0,2024-02-14,1,4,1
HH-01003,6.4.2,6.5.0,2024-02-11,1,5,7
HH-01006,6.4.0,6.4.0,2024-05-26,0,5,6
HH-01008,6.4.2,6.5.0,2024-03-07,1,1,2
HH-01010,6.4.2,6.5.0,2024-03-04,1,3,6
HH-01011,6.4.2,6.4.2,2024-04-02,0,5,1
HH-01013,6.4.0,6.5.0,2024-02-01,1,2,6
HH-01014,6.4.0,6.4.0,2024-03-20,0,5,4
HH-01015,6.4.2,6.4.2,2024-03-31,0,3,8
HH-01017,6.4.0,6.4.0,2024-05-13,0,4,4
HH-01018,6.4.0,6.4.0,2024-03-31,0,6,3
HH-01020,6.4.0,6.4.0,2024-04-28,0,2,1
HH-01028,6.4.2,6.5.0,2024-03-23,1,1,4
HH-01030,6.4.2,6.5.0,2024-04-14,1,6,3
HH-01032,6.4.2,6.5.0,2024-05-01,1,7,10
HH-01034,6.4.2,6.5.0,2024-02-24,1,3,4
HH-01036,6.4.2,6.4.2,2024-03-27,0,6,4
HH-01040,6.4.0,6.5.0,2024-05-19,1,3,6
HH-01042,6.4.0,6.5.0,2024-01-31,1,4,3
HH-01044,6.4.2,6.5.0,2024-02-14,1,5,6
HH-01045,6.4.2,6.5.0,2024-03-31,1,4,4
HH-01047,6.4.0,6.5.0,2024-04-26,1,2,5
HH-01048,6.4.2,6.5.0,2024-02-21,1,2,4
HH-01050,6.4.0,6.5.0,2024-02-24,1,1,8
HH-01052,6.4.0,6.5.0,2024-05-01,1,1,6
HH-01053,6.4.0,6.5.0,2024-02-09,1,0,4
HH-01054,6.4.2,6.4.2,2024-04-13,0,3,4
HH-01055,6.4.0,6.5.0,2024-04-29,1,3,4
HH-01056,6.4.0,6.5.0,2024-05-21,1,2,8
HH-01057,6.4.0,6.4.0,2024-04-25,0,3,6
HH-01058,6.4.2,6.4.2,2024-04-23,0,2,5
HH-01059,6.4.2,6.4.2,2024-02-12,0,2,2
HH-01060,6.4.0,6.4.0,2024-05-11,0,3,1
HH-01062,6.4.0,6.4.0,2024-03-23,0,1,4
HH-01063,6.4.0,6.4.0,2024-04-27,0,4,2
HH-01065,6.4.2,6.5.0,2024-03-24,1,3,3
HH-01066,6.4.0,6.4.0,2024-04-08,0,7,3
HH-01073,6.4.0,6.4.0,2024-03-12,0,6,6
HH-01077,6.4.0,6.5.0,2024-02-27,1,3,4
HH-01078,6.4.0,6.5.0,2024-02-06,1,2,6
HH-01080,6.4.0,6.5.0,2024-04-08,1,4,2
HH-01085,6.4.0,6.5.0,2024-02-01,1,2,1
HH-01086,6.4.2,6.5.0,2024-02-09,1,1,3
HH-01088,6.4.2,6.5.0,2024-05-02,1,2,7
HH-01090,6.4.0,6.4.0,2024-02-17,0,2,3
HH-01091,6.4.2,6.4.2,2024-04-12,0,2,2
HH-01093,6.4.0,6.5.0,2024-02-06,1,1,2
HH-01095,6.4.2,6.4.2,2024-02-22,0,2,2
HH-01101,6.4.2,6.4.2,2024-02-19,0,0,6
HH-01106,6.4.0,6.4.0,2024-03-25,0,1,6
HH-01113,6.4.0,6.4.0,2024-02-13,0,5,2
HH-01115,6.4.2,6.4.2,2024-04-02,0,2,8
HH-01116,6.4.2,6.4.2,2024-03-31,0,9,3
HH-01119,6.4.2,6.4.2,2024-04-30,0,5,4
HH-01124,6.4.2,6.4.2,2024-03-26,0,3,5
HH-01125,6.4.2,6.5.0,2024-02-09,1,2,1
HH-01126,6.4.0,6.4.0,2024-02-29,0,9,4
HH-01131,6.4.2,6.4.2,2024-02-27,0,5,8
HH-01132,6.4.0,6.4.0,2024-02-07,0,5,3
HH-01136,6.4.0,6.5.0,2024-04-15,1,3,2
HH-01138,6.4.2,6.5.0,2024-03-08,1,1,2
HH-01139,6.4.2,6.4.2,2024-02-25,0,5,4
HH-01140,6.4.0,6.5.0,2024-02-10,1,5,2
HH-01144,6.4.2,6.5.0,2024-05-23,1,3,1
HH-01146,6.4.0,6.4.0,2024-05-01,0,11,1
HH-01147,6.4.0,6.5.0,2024-02-23,1,5,5
HH-01148,6.4.2,6.5.0,2024-03-08,1,1,7
HH-01150,6.4.0,6.5.0,2024-05-26,1,0,2
HH-01151,6.4.0,6.5.0,2024-04-17,1,2,3
HH-01156,6.4.2,6.5.0,2024-05-25,1,2,5
HH-01157,6.4.2,6.4.2,2024-03-19,0,3,5
HH-01159,6.4.2,6.4.2,2024-03-10,0,3,2
HH-01165,6.4.0,6.5.0,2024-04-24,1,2,3
HH-01166,6.4.0,6.5.0,2024-05-16,1,5,5
HH-01171,6.4.2,6.5.0,2024-05-25,1,1,4
HH-01173,6.4.2,6.5.0,2024-02-20,1,2,5
HH-01174,6.4.0,6.5.0,2024-03-13,1,2,6
HH-01175,6.4.0,6.5.0,2024-03-16,1,3,1
HH-01176,6.4.0,6.5.0,2024-03-28,1,6,3
HH-01180,6.4.0,6.4.0,2024-03-05,0,3,2
HH-01185,6.4.2,6.5.0,2024-05-19,1,1,4
HH-01186,6.4.2,6.4.2,2024-03-12,0,4,4
HH-01190,6.4.2,6.5.0,2024-03-08,1,4,2
HH-01191,6.4.2,6.4.2,2024-05-05,0,3,6
HH-01192,6.4.2,6.5.0,2024-02-09,1,5,4
HH-01194,6.4.2,6.4.2,2024-02-19,0,4,3
HH-01197,6.4.2,6.5.0,2024-02-16,1,1,1
HH-01200,6.4.2,6.5.0,2024-05-28,1,2,4
HH-01201,6.4.0,6.5.0,2024-04-15,1,2,7
HH-01203,6.4.2,6.5.0,2024-05-21,1,1,2
HH-01208,6.4.0,6.4.0,2024-04-24,0,2,4
HH-01210,6.4.0,6.4.0,2024-02-20,0,7,5
HH-01212,6.4.0,6.4.0,2024-03-06,0,5,1
HH-01214,6.4.2,6.5.0,2024-02-26,1,6,3
HH-01215,6.4.2,6.5.0,2024-04-12,1,0,4
HH-01220,6.4.2,6.5.0,2024-04-27,1,1,7
HH-01221,6.4.2,6.5.0,2024-02-20,1,3,6
HH-01225,6.4.2,6.4.2,2024-02-04,0,10,5
HH-01228,6.4.2,6.5.0,2024-02-13,1,3,2
HH-01229,6.4.0,6.5.0,2024-03-27,1,3,4
HH-01230,6.4.0,6.5.0,2024-03-17,1,2,3
HH-01232,6.4.0,6.4.0,2024-04-14,0,2,3
HH-01235,6.4.2,6.4.2,2024-05-24,0,6,5
HH-01236,6.4.2,6.4.2,2024-05-10,0,7,3
HH-01237,6.4.2,6.5.0,2024-02-22,1,3,6
HH-01242,6.4.0,6.5.0,2024-02-11,1,2,3
HH-01243,6.4.2,6.5.0,2024-02-26,1,2,1
HH-01244,6.4.2,6.5.0,2024-03-20,1,2,2
HH-01245,6.4.2,6.4.2,2024-03-21,0,4,2
HH-01247,6.4.2,6.4.2,2024-04-04,0,6,3
HH-01248,6.4.2,6.4.2,2024-03-23,0,2,5
HH-01250,6.4.0,6.4.0,2024-05-23,0,4,5
HH-01254,6.4.0,6.4.0,2024-03-22,0,5,3
HH-01255,6.4.0,6.5.0,2024-02-16,1,3,3
HH-01256,6.4.2,6.5.0,2024-04-08,1,4,5
HH-01257,6.4.2,6.4.2,2024-05-07,0,4,7
HH-01258,6.4.2,6.5.0,2024-04-15,1,5,2
HH-01264,6.4.2,6.4.2,2024-03-20,0,3,7
HH-01265,6.4.0,6.5.0,2024-04-16,1,6,4
HH-01269,6.4.2,6.5.0,2024-03-28,1,4,5
HH-01273,6.4.0,6.4.0,2024-04-05,0,3,3
HH-01274,6.4.0,6.4.0,2024-02-14,0,2,4
HH-01275,6.4.2,6.5.0,2024-05-29,1,7,0
HH-01278,6.4.2,6.4.2,2024-03-22,0,5,4
HH-01280,6.4.2,6.5.0,2024-05-12,1,7,2
HH-01281,6.4.0,6.5.0,2024-05-23,1,2,4
HH-01282,6.4.2,6.4.2,2024-03-21,0,1,3
HH-01283,6.4.2,6.5.0,2024-03-22,1,3,3
HH-01285,6.4.0,6.5.0,2024-05-15,1,5,3
HH-01287,6.4.0,6.5.0,2024-04-29,1,1,4
HH-01289,6.4.0,6.5.0,2024-02-26,1,5,4
HH-01291,6.4.0,6.4.0,2024-04-07,0,3,3
HH-01298,6.4.2,6.5.0,2024-05-16,1,2,3
HH-01300,6.4.2,6.5.0,2024-05-15,1,1,6
HH-01301,6.4.0,6.5.0,2024-05-14,1,4,3
HH-01302,6.4.0,6.4.0,2024-04-17,0,1,5
HH-01303,6.4.2,6.4.2,2024-02-17,0,5,3
HH-01304,6.4.0,6.4.0,2024-03-08,0,4,5
HH-01305,6.4.0,6.5.0,2024-02-17,1,1,2
HH-01308,6.4.0,6.5.0,2024-05-11,1,2,7
HH-01309,6.4.2,6.5.0,2024-05-03,1,3,3
HH-01311,6.4.0,6.4.0,2024-03-08,0,10,5
HH-01312,6.4.2,6.5.0,2024-05-08,1,1,4
HH-01316,6.4.2,6.4.2,2024-05-05,0,5,6
HH-01317,6.4.0,6.5.0,2024-05-11,1,3,4
HH-01318,6.4.2,6.5.0,2024-05-10,1,3,4
HH-01320,6.4.2,6.4.2,2024-03-29,0,7,5
HH-01321,6.4.0,6.5.0,2024-02-16,1,1,6
HH-01322,6.4.0,6.4.0,2024-05-24,0,4,2
HH-01327,6.4.0,6.5.0,2024-05-11,1,3,9
HH-01328,6.4.0,6.5.0,2024-03-05,1,4,3
HH-01331,6.4.2,6.5.0,2024-02-10,1,4,8
HH-01332,6.4.0,6.5.0,2024-04-17,1,1,3
HH-01333,6.4.0,6.5.0,2024-03-07,1,4,3
HH-01335,6.4.2,6.5.0,2024-04-23,1,4,6
HH-01338,6.4.0,6.5.0,2024-05-06,1,3,4
HH-01341,6.4.2,6.5.0,2024-02-27,1,1,6
HH-01342,6.4.2,6.5.0,2024-05-02,1,4,2
HH-01343,6.4.2,6.5.0,2024-05-05,1,4,1
HH-01344,6.4.0,6.5.0,2024-04-19,1,4,5
HH-01348,6.4.0,6.5.0,2024-02-04,1,3,3
HH-01349,6.4.2,6.5.0,2024-02-23,1,1,5
HH-01351,6.4.0,6.4.0,2024-02-10,0,2,3
HH-01353,6.4.0,6.5.0,2024-02-23,1,1,6
HH-01356,6.4.0,6.5.0,2024-03-26,1,3,6
HH-01357,6.4.0,6.4.0,2024-05-07,0,3,4
HH-01359,6.4.2,6.5.0,2024-04-11,1,4,2
HH-01361,6.4.0,6.4.0,2024-03-03,0,0,5
HH-01363,6.4.0,6.5.0,2024-03-18,1,5,5
HH-01364,6.4.0,6.5.0,2024-05-04,1,3,5
HH-01365,6.4.0,6.4.0,2024-02-17,0,5,2
HH-01368,6.4.0,6.5.0,2024-03-13,1,1,8
HH-01369,6.4.2,6.5.0,2024-05-03,1,8,5
HH-01370,6.4.2,6.5.0,2024-04-13,1,1,6
HH-01376,6.4.2,6.5.0,2024-02-16,1,4,4
HH-01377,6.4.2,6.5.0,2024-05-04,1,1,3
HH-01380,6.4.2,6.5.0,2024-04-16,1,1,2
HH-01381,6.4.0,6.5.0,2024-05-07,1,2,5
HH-01384,6.4.0,6.4.0,2024-03-07,0,3,1
HH-01385,6.4.2,6.5.0,2024-05-17,1,3,5
HH-01386,6.4.0,6.5.0,2024-05-02,1,3,3
HH-01387,6.4.2,6.5.0,2024-05-03,1,3,7
HH-01389,6.4.0,6.4.0,2024-02-06,0,6,7
HH-01391,6.4.0,6.5.0,2024-03-12,1,7,7
HH-01392,6.4.2,6.4.2,2024-05-14,0,4,1
HH-01393,6.4.2,6.5.0,2024-02-26,1,1,2
HH-01396,6.4.0,6.4.0,2024-03-29,0,8,2
HH-01398,6.4.0,6.5.0,2024-03-06,1,1,4
HH-01400,6.4.2,6.4.2,2024-05-14,0,7,3
HH-01408,6.4.0,6.4.0,2024-02-03,0,5,5
HH-01413,6.4.0,6.5.0,2024-05-07,1,1,2
HH-01415,6.4.0,6.5.0,2024-02-04,1,2,0
HH-01416,6.4.0,6.5.0,2024-02-03,1,2,4
HH-01418,6.4.2,6.4.2,2024-04-28,0,5,5
HH-01419,6.4.0,6.4.0,2024-05-24,0,3,6
HH-01421,6.4.0,6.4.0,2024-04-25,0,1,1
HH-01424,6.4.0,6.5.0,2024-04-22,1,3,3
HH-01427,6.4.2,6.5.0,2024-05-09,1,5,2
HH-01429,6.4.0,6.5.0,2024-02-12,1,2,7
HH-01430,6.4.2,6.4.2,2024-03-19,0,2,5
HH-01433,6.4.0,6.5.0,2024-04-15,1,2,4
HH-01434,6.4.2,6.4.2,2024-04-16,0,5,3
HH-01435,6.4.0,6.4.0,2024-03-07,0,4,2
HH-01436,6.4.0,6.5.0,2024-02-17,1,3,6
HH-01439,6.4.0,6.5.0,2024-03-15,1,1,2
HH-01442,6.4.2,6.5.0,2024-02-28,1,6,10
HH-01444,6.4.0,6.4.0,2024-04-10,0,6,4
HH-01445,6.4.0,6.5.0,2024-05-07,1,3,3
HH-01447,6.4.0,6.4.0,2024-03-21,0,7,2
HH-01449,6.4.0,6.5.0,2024-02-29,1,4,1
HH-01450,6.4.2,6.5.0,2024-05-26,1,3,8
HH-01452,6.4.0,6.5.0,2024-02-21,1,2,6
HH-01456,6.4.2,6.4.2,2024-04-15,0,6,1
HH-01457,6.4.0,6.5.0,2024-04-03,1,2,5
HH-01461,6.4.2,6.4.2,2024-02-12,0,3,6
HH-01464,6.4.2,6.5.0,2024-04-27,1,2,2
HH-01466,6.4.0,6.4.0,2024-05-22,0,3,6
HH-01469,6.4.2,6.5.0,2024-05-17,1,0,4
HH-01470,6.4.2,6.4.2,2024-04-14,0,6,8
HH-01471,6.4.2,6.5.0,2024-05-23,1,0,4
HH-01472,6.4.2,6.4.2,2024-05-06,0,4,2
HH-01474,6.4.2,6.4.2,2024-02-16,0,2,3
HH-01476,6.4.0,6.5.0,2024-05-08,1,3,2
HH-01478,6.4.0,6.5.0,2024-02-27,1,1,9
HH-01480,6.4.0,6.5.0,2024-05-05,1,0,2
HH-01481,6.4.0,6.4.0,2024-02-04,0,3,3
HH-01482,6.4.2,6.5.0,2024-02-24,1,0,1
HH-01485,6.4.0,6.5.0,2024-03-04,1,3,1
HH-01487,6.4.0,6.4.0,2024-02-28,0,8,3
HH-01488,6.4.0,6.5.0,2024-04-24,1,0,2
HH-01489,6.4.2,6.5.0,2024-03-29,1,4,6
HH-01490,6.4.2,6.4.2,2024-02-04,0,3,7
HH-01492,6.4.0,6.5.0,2024-01-31,1,3,5
HH-01499,6.4.2,6.5.0,2024-04-19,1,4,2
HH-01502,6.4.0,6.4.0,2024-03-08,0,1,5
HH-01505,6.4.2,6.5.0,2024-03-29,1,1,2
HH-01506,6.4.2,6.4.2,2024-05-23,0,3,6
HH-01509,6.4.2,6.5.0,2024-03-06,1,2,3
HH-01511,6.4.2,6.5.0,2024-05-13,1,4,5
HH-01512,6.4.2,6.5.0,2024-03-25,1,2,1
HH-01513,6.4.2,6.5.0,2024-03-07,1,4,4
HH-01514,6.4.0,6.4.0,2024-04-15,0,3,3
HH-01516,6.4.2,6.5.0,2024-03-11,1,5,2
HH-01517,6.4.2,6.4.2,2024-04-12,0,7,3
HH-01522,6.4.2,6.4.2,2024-04-02,0,4,5
HH-01527,6.4.2,6.4.2,2024-02-26,0,3,5
HH-01529,6.4.2,6.4.2,2024-03-08,0,2,7
HH-01530,6.4.0,6.5.0,2024-02-09,1,3,5
HH-01536,6.4.2,6.4.2,2024-05-02,0,6,1
HH-01538,6.4.0,6.4.0,2024-05-02,0,5,5
HH-01539,6.4.2,6.4.2,2024-04-28,0,7,2
HH-01541,6.4.2,6.5.0,2024-04-16,1,1,2
HH-01544,6.4.0,6.5.0,2024-04-27,1,1,8
HH-01546,6.4.0,6.4.0,2024-02-04,0,3,1
HH-01547,6.4.0,6.4.0,2024-03-31,0,5,2
HH-01549,6.4.0,6.5.0,2024-03-30,1,3,6
HH-01551,6.4.0,6.5.0,2024-05-18,1,3,6
HH-01552,6.4.0,6.4.0,2024-02-12,0,4,1
HH-01554,6.4.2,6.4.2,2024-05-15,0,4,6
HH-01555,6.4.2,6.4.2,2024-03-29,0,2,6
HH-01558,6.4.2,6.5.0,2024-05-18,1,2,3
HH-01563,6.4.0,6.4.0,2024-05-22,0,7,8
HH-01566,6.4.2,6.4.2,2024-03-31,0,10,3
HH-01567,6.4.0,6.5.0,2024-03-05,1,1,4
HH-01568,6.4.0,6.4.0,2024-05-15,0,3,3
HH-01569,6.4.0,6.4.0,2024-02-10,0,4,3
HH-01570,6.4.0,6.5.0,2024-05-19,1,2,3
HH-01575,6.4.2,6.5.0,2024-03-17,1,4,7
HH-01579,6.4.0,6.5.0,2024-02-22,1,6,5
HH-01582,6.4.2,6.4.2,2024-03-26,0,5,2
HH-01584,6.4.2,6.4.2,2024-03-04,0,4,1
HH-01585,6.4.0,6.4.0,2024-05-10,0,3,3
HH-01586,6.4.0,6.4.0,2024-04-22,0,4,3
HH-01589,6.4.2,6.5.0,2024-03-06,1,1,2
HH-01590,6.4.0,6.5.0,2024-03-09,1,3,3
HH-01592,6.4.0,6.5.0,2024-02-03,1,4,7
HH-01594,6.4.2,6.5.0,2024-05-12,1,5,3
HH-01599,6.4.0,6.4.0,2024-05-07,0,4,8
HH-01600,6.4.0,6.4.0,2024-05-24,0,4,5
HH-01601,6.4.0,6.4.0,2024-04-11,0,3,4
HH-01603,6.4.2,6.4.2,2024-03-14,0,1,2
HH-01604,6.4.0,6.5.0,2024-04-18,1,3,0
HH-01607,6.4.0,6.4.0,2024-05-03,0,3,4
HH-01611,6.4.2,6.5.0,2024-02-17,1,4,2
HH-01615,6.4.2,6.5.0,2024-03-20,1,0,2
HH-01618,6.4.0,6.4.0,2024-02-16,0,5,4
HH-01619,6.4.2,6.5.0,2024-03-16,1,5,6
HH-01621,6.4.0,6.4.0,2024-05-27,0,2,6
HH-01622,6.4.0,6.5.0,2024-03-15,1,1,4
HH-01623,6.4.0,6.5.0,2024-02-13,1,1,4
HH-01624,6.4.2,6.4.2,2024-02-18,0,4,3
HH-01626,6.4.2,6.4.2,2024-05-21,0,3,2
HH-01627,6.4.2,6.5.0,2024-03-27,1,2,1
HH-01628,6.4.0,6.4.0,2024-05-16,0,3,4
HH-01629,6.4.2,6.5.0,2024-03-18,1,4,3
HH-01630,6.4.0,6.4.0,2024-04-12,0,4,7
HH-01632,6.4.2,6.4.2,2024-03-03,0,4,1
HH-01633,6.4.0,6.4.0,2024-03-27,0,2,5
HH-01634,6.4.2,6.5.0,2024-03-29,1,3,2
HH-01637,6.4.0,6.4.0,2024-05-11,0,6,1
HH-01639,6.4.0,6.4.0,2024-04-15,0,6,3
HH-01640,6.4.2,6.4.2,2024-03-07,0,2,2
HH-01641,6.4.2,6.4.2,2024-04-09,0,3,0
HH-01642,6.4.0,6.4.0,2024-05-15,0,4,4
HH-01645,6.4.0,6.5.0,2024-02-06,1,1,1
HH-01648,6.4.2,6.5.0,2024-03-30,1,6,6
HH-01655,6.4.0,6.4.0,2024-03-19,0,3,2
HH-01660,6.4.0,6.5.0,2024-05-14,1,4,2
HH-01661,6.4.0,6.5.0,2024-05-27,1,1,4
HH-01663,6.4.2,6.4.2,2024-02-12,0,4,5
HH-01665,6.4.2,6.4.2,2024-04-13,0,5,7
HH-01667,6.4.2,6.5.0,2024-02-01,1,1,1
HH-01671,6.4.2,6.4.2,2024-05-10,0,2,3
HH-01676,6.4.2,6.4.2,2024-02-11,0,1,4
HH-01678,6.4.0,6.4.0,2024-02-11,0,3,1
HH-01679,6.4.0,6.5.0,2024-03-22,1,4,6
HH-01680,6.4.2,6.4.2,2024-03-15,0,8,4
HH-01684,6.4.2,6.5.0,2024-05-18,1,2,3
HH-01688,6.4.0,6.4.0,2024-03-29,0,6,4
HH-01690,6.4.2,6.5.0,2024-03-02,1,3,5
HH-01692,6.4.2,6.5.0,2024-02-19,1,3,5
HH-01693,6.4.2,6.5.0,2024-05-22,1,3,7
HH-01694,6.4.0,6.4.0,2024-04-11,0,3,4
HH-01695,6.4.2,6.5.0,2024-03-14,1,2,4
HH-01696,6.4.2,6.5.0,2024-05-21,1,3,1
HH-01698,6.4.2,6.5.0,2024-03-02,1,1,2
HH-01700,6.4.0,6.4.0,2024-05-11,0,4,11
HH-01701,6.4.2,6.4.2,2024-04-18,0,4,0
HH-01704,6.4.0,6.5.0,2024-02-20,1,3,7
HH-01705,6.4.2,6.4.2,2024-03-08,0,4,0
HH-01707,6.4.0,6.5.0,2024-05-24,1,4,6
HH-01708,6.4.2,6.5.0,2024-02-10,1,1,5
HH-01712,6.4.2,6.5.0,2024-02-11,1,1,7
HH-01713,6.4.2,6.5.0,2024-04-14,1,2,4
HH-01715,6.4.0,6.5.0,2024-03-08,1,2,8
HH-01717,6.4.0,6.5.0,2024-03-25,1,4,4
HH-01720,6.4.2,6.4.2,2024-04-16,0,4,3
HH-01722,6.4.2,6.4.2,2024-02-22,0,2,1
HH-01723,6.4.0,6.5.0,2024-05-29,1,4,7
HH-01724,6.4.0,6.4.0,2024-05-22,0,3,4
HH-01729,6.4.2,6.4.2,2024-04-21,0,3,2
HH-01730,6.4.0,6.5.0,2024-02-08,1,3,5
HH-01735,6.4.0,6.4.0,2024-03-24,0,3,3
HH-01742,6.4.0,6.5.0,2024-02-29,1,1,7
HH-01744,6.4.0,6.5.0,2024-02-22,1,3,5
HH-01746,6.4.2,6.4.2,2024-02-27,0,2,5
HH-01749,6.4.0,6.5.0,2024-02-11,1,2,3
HH-01751,6.4.0,6.4.0,2024-05-18,0,9,5
HH-01755,6.4.0,6.4.0,2024-02-27,0,3,4
HH-01756,6.4.2,6.4.2,2024-04-13,0,2,2
HH-01757,6.4.0,6.4.0,2024-03-08,0,2,5
HH-01764,6.4.2,6.5.0,2024-03-14,1,1,2
HH-01772,6.4.2,6.4.2,2024-02-04,0,3,3
HH-01774,6.4.0,6.5.0,2024-04-27,1,0,5
HH-01776,6.4.2,6.5.0,2024-04-03,1,4,4
HH-01777,6.4.0,6.5.0,2024-04-12,1,1,5
HH-01781,6.4.0,6.4.0,2024-05-06,0,6,4
HH-01782,6.4.0,6.5.0,2024-03-11,1,1,4
HH-01784,6.4.2,6.5.0,2024-02-02,1,1,3
HH-01787,6.4.2,6.5.0,2024-05-25,1,4,5
HH-01789,6.4.0,6.4.0,2024-05-09,0,4,2
HH-01790,6.4.2,6.4.2,2024-03-04,0,3,3
HH-01792,6.4.0,6.4.0,2024-04-03,0,1,7
HH-01794,6.4.0,6.4.0,2024-04-26,0,4,1
HH-01799,6.4.0,6.5.0,2024-02-03,1,3,3
HH-01803,6.4.0,6.5.0,2024-03-24,1,0,5
HH-01804,6.4.0,6.4.0,2024-05-11,0,2,3
HH-01805,6.4.2,6.4.2,2024-03-16,0,2,5
HH-01806,6.4.2,6.5.0,2024-05-24,1,3,2
HH-01807,6.4.0,6.4.0,2024-03-19,0,7,4
HH-01810,6.4.2,6.4.2,2024-02-27,0,2,4
HH-01813,6.4.2,6.5.0,2024-05-17,1,3,4
HH-01814,6.4.0,6.5.0,2024-05-02,1,1,3
HH-01819,6.4.2,6.4.2,2024-05-04,0,2,4
HH-01820,6.4.0,6.5.0,2024-02-17,1,0,7
HH-01821,6.4.0,6.5.0,2024-03-06,1,0,4
HH-01825,6.4.2,6.4.2,2024-02-09,0,0,2
HH-01828,6.4.2,6.5.0,2024-02-22,1,0,3
HH-01829,6.4.0,6.5.0,2024-04-09,1,0,10
HH-01832,6.4.0,6.4.0,2024-02-05,0,6,6
HH-01837,6.4.2,6.5.0,2024-05-28,1,1,5
HH-01846,6.4.0,6.4.0,2024-02-25,0,5,0
HH-01847,6.4.0,6.4.0,2024-03-03,0,3,4
HH-01848,6.4.0,6.5.0,2024-02-04,1,5,3
HH-01853,6.4.2,6.4.2,2024-03-31,0,5,8
HH-01856,6.4.2,6.4.2,2024-04-27,0,4,5
HH-01859,6.4.2,6.4.2,2024-04-20,0,6,3
HH-01864,6.4.0,6.4.0,2024-02-10,0,1,9
HH-01866,6.4.0,6.4.0,2024-02-06,0,4,6
HH-01868,6.4.0,6.4.0,2024-05-20,0,7,5
HH-01870,6.4.0,6.4.0,2024-03-13,0,4,6
HH-01872,6.4.2,6.5.0,2024-02-05,1,2,5
HH-01875,6.4.0,6.5.0,2024-02-28,1,3,3
HH-01878,6.4.2,6.4.2,2024-02-09,0,1,1
HH-01880,6.4.2,6.5.0,2024-03-02,1,6,1
HH-01883,6.4.0,6.4.0,2024-03-04,0,4,2
HH-01889,6.4.0,6.4.0,2024-05-22,0,5,4
HH-01890,6.4.0,6.5.0,2024-05-03,1,7,4
HH-01893,6.4.0,6.5.0,2024-03-07,1,4,3
HH-01894,6.4.0,6.5.0,2024-04-14,1,0,6
HH-01896,6.4.2,6.4.2,2024-03-20,0,3,1
HH-01899,6.4.0,6.5.0,2024-02-05,1,4,4
HH-01903,6.4.2,6.4.2,2024-04-11,0,3,4
HH-01907,6.4.2,6.4.2,2024-05-18,0,3,3
HH-01909,6.4.0,6.5.0,2024-04-28,1,1,3
HH-01910,6.4.0,6.5.0,2024-03-20,1,3,6
HH-01918,6.4.2,6.5.0,2024-03-04,1,0,6
HH-01919,6.4.0,6.5.0,2024-02-08,1,0,3
HH-01923,6.4.0,6.4.0,2024-05-26,0,6,5
HH-01924,6.4.2,6.4.2,2024-03-12,0,3,2
HH-01926,6.4.0,6.5.0,2024-02-14,1,3,5
HH-01927,6.4.2,6.4.2,2024-04-21,0,7,3
HH-01928,6.4.2,6.5.0,2024-05-17,1,1,2
HH-01929,6.4.2,6.5.0,2024-03-25,1,1,5
HH-01932,6.4.0,6.4.0,2024-05-15,0,2,6
HH-01935,6.4.0,6.4.0,2024-05-18,0,7,3
HH-01937,6.4.2,6.5.0,2024-03-02,1,5,3
HH-01938,6.4.0,6.4.0,2024-05-23,0,3,2
HH-01940,6.4.2,6.4.2,2024-04-05,0,4,4
HH-01942,6.4.2,6.5.0,2024-04-11,1,1,5
HH-01944,6.4.0,6.5.0,2024-05-08,1,2,2
HH-01945,6.4.2,6.4.2,2024-05-05,0,8,7
HH-01950,6.4.2,6.4.2,2024-05-25,0,4,4
HH-01951,6.4.0,6.5.0,2024-05-19,1,5,8
HH-01952,6.4.0,6.5.0,2024-05-26,1,2,2
HH-01954,6.4.2,6.4.2,2024-04-09,0,2,7
HH-01956,6.4.0,6.5.0,2024-03-21,1,2,5
HH-01957,6.4.2,6.5.0,2024-03-05,1,0,3
HH-01958,6.4.2,6.4.2,2024-03-04,0,6,2
HH-01960,6.4.0,6.4.0,2024-04-11,0,4,2
HH-01961,6.4.0,6.5.0,2024-03-21,1,2,0
HH-01963,6.4.2,6.4.2,2024-03-03,0,7,0
HH-01966,6.4.2,6.5.0,2024-03-28,1,3,11
HH-01968,6.4.2,6.5.0,2024-05-29,1,4,6
HH-01969,6.4.0,6.4.0,2024-03-15,0,5,2
HH-01971,6.4.2,6.5.0,2024-04-01,1,4,4
HH-01973,6.4.0,6.4.0,2024-03-06,0,1,2
HH-01974,6.4.0,6.5.0,2024-04-15,1,3,5
HH-01975,6.4.0,6.4.0,2024-04-03,0,1,8
HH-01976,6.4.2,6.5.0,2024-03-11,1,2,4
HH-01977,6.4.2,6.5.0,2024-05-08,1,1,3
HH-01978,6.4.2,6.5.0,2024-05-27,1,0,3
HH-01981,6.4.0,6.4.0,2024-05-06,0,4,4
HH-01983,6.4.2,6.5.0,2024-03-26,1,3,4
HH-01984,6.4.2,6.5.0,2024-02-23,1,2,2
HH-01986,6.4.0,6.4.0,2024-04-21,0,6,2
HH-01987,6.4.0,6.4.0,2024-02-12,0,6,3
HH-01995,6.4.0,6.4.0,2024-04-29,0,5,5
HH-01996,6.4.2,6.5.0,2024-03-28,1,3,1
HH-01999,6.4.2,6.5.0,2024-04-28,1,2,3
HH-02002,6.4.2,6.4.2,2024-04-13,0,5,6
HH-02003,6.4.2,6.4.2,2024-02-08,0,2,5
HH-02006,6.4.0,6.5.0,2024-03-25,1,3,3
HH-02011,6.4.2,6.5.0,2024-02-09,1,3,2
HH-02014,6.4.0,6.5.0,2024-02-03,1,3,1
HH-02019,6.4.2,6.5.0,2024-05-29,1,6,4
HH-02020,6.4.0,6.4.0,2024-03-17,0,6,3
HH-02021,6.4.2,6.4.2,2024-05-12,0,7,5
HH-02023,6.4.2,6.5.0,2024-04-16,1,3,5
HH-02024,6.4.2,6.4.2,2024-04-27,0,3,6
HH-02025,6.4.0,6.4.0,2024-03-13,0,2,4
HH-02028,6.4.0,6.4.0,2024-04-24,0,3,1
HH-02030,6.4.2,6.5.0,2024-03-26,1,2,4
HH-02032,6.4.0,6.5.0,2024-05-15,1,2,7
HH-02033,6.4.0,6.4.0,2024-03-20,0,3,7
HH-02034,6.4.0,6.4.0,2024-04-16,0,3,3
HH-02035,6.4.2,6.5.0,2024-02-15,1,6,3
HH-02037,6.4.0,6.4.0,2024-05-15,0,4,5
HH-02038,6.4.0,6.5.0,2024-03-26,1,4,4
HH-02039,6.4.2,6.5.0,2024-05-17,1,2,3
HH-02040,6.4.2,6.4.2,2024-02-12,0,4,9
HH-02041,6.4.0,6.4.0,2024-05-02,0,4,8
HH-02042,6.4.2,6.5.0,2024-02-09,1,2,3
HH-02045,6.4.0,6.4.0,2024-03-07,0,1,4
HH-02046,6.4.2,6.5.0,2024-04-04,1,5,1
HH-02049,6.4.0,6.5.0,2024-03-20,1,4,0
HH-02051,6.4.0,6.4.0,2024-03-09,0,6,3
HH-02053,6.4.0,6.4.0,2024-02-26,0,4,2
HH-02054,6.4.0,6.5.0,2024-03-09,1,1,5
HH-02056,6.4.2,6.5.0,2024-02-11,1,1,1
HH-02061,6.4.0,6.5.0,2024-04-06,1,2,7
HH-02062,6.4.2,6.5.0,2024-03-06,1,2,2
HH-02063,6.4.2,6.5.0,2024-04-24,1,4,2
HH-02065,6.4.2,6.4.2,2024-01-31,0,0,6
HH-02067,6.4.0,6.5.0,2024-03-20,1,2,3
HH-02071,6.4.0,6.4.0,2024-03-24,0,7,4
HH-02072,6.4.2,6.5.0,2024-05-06,1,3,4
HH-02074,6.4.0,6.4.0,2024-05-16,0,4,4
HH-02076,6.4.0,6.5.0,2024-03-26,1,4,3
HH-02077,6.4.2,6.5.0,2024-03-01,1,1,4
HH-02078,6.4.0,6.4.0,2024-05-16,0,3,4
HH-02079,6.4.2,6.4.2,2024-02-16,0,4,6
HH-02081,6.4.2,6.5.0,2024-04-13,1,3,1
HH-02082,6.4.0,6.4.0,2024-05-17,0,3,3
HH-02083,6.4.0,6.5.0,2024-05-09,1,5,0
HH-02084,6.4.2,6.5.0,2024-02-08,1,4,2
HH-02086,6.4.2,6.5.0,2024-02-20,1,3,2
HH-02087,6.4.2,6.4.2,2024-02-03,0,7,6
HH-02092,6.4.2,6.5.0,2024-02-05,1,3,4
HH-02095,6.4.0,6.4.0,2024-02-09,0,7,6
HH-02096,6.4.2,6.4.2,2024-03-27,0,5,4
HH-02103,6.4.2,6.4.2,2024-04-09,0,5,4
HH-02109,6.4.0,6.4.0,2024-03-24,0,3,5
HH-02110,6.4.2,6.4.2,2024-05-21,0,3,3
HH-02112,6.4.0,6.4.0,2024-03-28,0,3,6
HH-02114,6.4.0,6.5.0,2024-02-13,1,1,4
HH-02116,6.4.2,6.4.2,2024-04-14,0,5,6
HH-02118,6.4.2,6.5.0,2024-04-29,1,2,3
HH-02119,6.4.0,6.5.0,2024-03-14,1,4,8
HH-02122,6.4.0,6.5.0,2024-02-24,1,3,2
HH-02124,6.4.0,6.4.0,2024-04-19,0,2,5
HH-02125,6.4.0,6.4.0,2024-02-01,0,4,5
HH-02131,6.4.0,6.5.0,2024-05-06,1,5,4
HH-02132,6.4.2,6.4.2,2024-05-06,0,3,1
HH-02134,6.4.0,6.4.0,2024-02-05,0,6,6
HH-02135,6.4.2,6.5.0,2024-04-21,1,5,3
HH-02137,6.4.2,6.5.0,2024-04-24,1,2,2
HH-02138,6.4.2,6.5.0,2024-05-27,1,2,6
HH-02142,6.4.2,6.5.0,2024-04-02,1,2,4
HH-02145,6.4.2,6.5.0,2024-04-13,1,3,6
HH-02146,6.4.2,6.5.0,2024-03-02,1,3,4
HH-02148,6.4.0,6.5.0,2024-04-08,1,2,2
HH-02149,6.4.2,6.4.2,2024-04-10,0,1,3
HH-02150,6.4.2,6.5.0,2024-02-11,1,3,3
HH-02155,6.4.2,6.5.0,2024-05-06,1,2,6
HH-02156,6.4.0,6.4.0,2024-05-18,0,2,3
HH-02157,6.4.0,6.4.0,2024-05-13,0,7,4
HH-02159,6.4.0,6.4.0,2024-03-22,0,4,2
HH-02160,6.4.2,6.4.2,2024-02-12,0,3,1
HH-02161,6.4.0,6.5.0,2024-02-23,1,3,2
HH-02162,6.4.2,6.5.0,2024-02-15,1,1,6
HH-02163,6.4.2,6.5.0,2024-04-26,1,2,3
HH-02164,6.4.2,6.4.2,2024-03-17,0,5,2
HH-02167,6.4.0,6.5.0,2024-04-14,1,3,0
HH-02170,6.4.0,6.5.0,2024-05-03,1,2,4
HH-02173,6.4.2,6.4.2,2024-04-20,0,4,0
HH-02175,6.4.0,6.4.0,2024-03-01,0,3,7
HH-02177,6.4.2,6.5.0,2024-03-29,1,2,5
HH-02179,6.4.0,6.4.0,2024-03-09,0,4,4
HH-02181,6.4.0,6.4.0,2024-03-13,0,5,7
HH-02182,6.4.2,6.4.2,2024-03-17,0,3,3
HH-02183,6.4.2,6.4.2,2024-05-14,0,8,3
HH-02186,6.4.0,6.5.0,2024-03-09,1,2,6
HH-02188,6.4.0,6.5.0,2024-04-16,1,3,2
HH-02189,6.4.2,6.5.0,2024-05-22,1,0,4
HH-02190,6.4.0,6.5.0,2024-02-11,1,2,8
HH-02191,6.4.0,6.5.0,2024-05-14,1,2,2
HH-02192,6.4.0,6.4.0,2024-05-12,0,8,4
HH-02194,6.4.2,6.4.2,2024-02-03,0,7,5
HH-02195,6.4.0,6.4.0,2024-02-01,0,2,6
HH-02197,6.4.2,6.4.2,2024-05-17,0,10,5
HH-02202,6.4.0,6.4.0,2024-03-16,0,4,6
HH-02207,6.4.0,6.4.0,2024-05-01,0,4,6
HH-02208,6.4.0,6.5.0,2024-02-02,1,5,2
HH-02209,6.4.2,6.4.2,2024-05-11,0,5,1
HH-02210,6.4.0,6.5.0,2024-05-28,1,5,2
HH-02213,6.4.0,6.4.0,2024-02-20,0,2,4
HH-02215,6.4.2,6.4.2,2024-03-24,0,0,8
HH-02216,6.4.0,6.4.0,2024-02-01,0,1,4
HH-02217,6.4.2,6.4.2,2024-02-22,0,9,5
HH-02229,6.4.0,6.5.0,2024-05-24,1,2,7
HH-02231,6.4.0,6.5.0,2024-04-24,1,2,9
HH-02233,6.4.0,6.5.0,2024-03-08,1,6,5
HH-02235,6.4.0,6.5.0,2024-03-09,1,1,4
HH-02236,6.4.2,6.4.2,2024-03-07,0,3,6
HH-02238,6.4.2,6.4.2,2024-05-06,0,7,4
HH-02239,6.4.0,6.4.0,2024-02-23,0,5,4
HH-02240,6.4.2,6.5.0,2024-05-18,1,1,5
HH-02243,6.4.0,6.5.0,2024-02-13,1,1,5
HH-02246,6.4.2,6.5.0,2024-02-27,1,4,3
HH-02249,6.4.2,6.5.0,2024-05-20,1,3,4
HH-02255,6.4.0,6.4.0,2024-04-14,0,2,7
HH-02258,6.4.2,6.5.0,2024-04-20,1,6,1
HH-02259,6.4.0,6.5.0,2024-05-04,1,4,6
HH-02262,6.4.2,6.4.2,2024-05-06,0,5,0
HH-02264,6.4.2,6.5.0,2024-02-04,1,1,4
HH-02267,6.4.0,6.5.0,2024-02-17,1,1,9
HH-02268,6.4.0,6.5.0,2024-02-24,1,3,6
HH-02272,6.4.2,6.5.0,2024-02-24,1,3,5
HH-02274,6.4.0,6.5.0,2024-03-10,1,5,4
HH-02278,6.4.2,6.5.0,2024-03-10,1,1,2
HH-02279,6.4.2,6.5.0,2024-02-29,1,4,5
HH-02280,6.4.0,6.4.0,2024-04-28,0,4,3
HH-02283,6.4.2,6.5.0,2024-03-04,1,3,5
HH-02285,6.4.0,6.5.0,2024-03-26,1,4,4
HH-02286,6.4.0,6.5.0,2024-04-15,1,4,4
HH-02289,6.4.2,6.4.2,2024-03-29,0,4,5
HH-02290,6.4.2,6.5.0,2024-05-04,1,2,2
HH-02293,6.4.0,6.5.0,2024-02-01,1,2,0
HH-02297,6.4.0,6.5.0,2024-03-27,1,5,3
HH-02299,6.4.2,6.5.0,2024-04-09,1,2,4
HH-02301,6.4.0,6.4.0,2024-03-31,0,4,3
HH-02306,6.4.2,6.5.0,2024-03-20,1,3,5
HH-02308,6.4.2,6.5.0,2024-03-30,1,2,0
HH-02311,6.4.0,6.4.0,2024-04-19,0,6,1
HH-02317,6.4.2,6.5.0,2024-05-23,1,5,0
HH-02318,6.4.0,6.5.0,2024-02-07,1,2,5
HH-02321,6.4.0,6.4.0,2024-04-14,0,6,4
HH-02322,6.4.0,6.5.0,2024-05-12,1,2,3
HH-02323,6.4.2,6.4.2,2024-02-20,0,3,7
HH-02327,6.4.2,6.5.0,2024-03-09,1,0,5
HH-02329,6.4.0,6.5.0,2024-04-03,1,4,4
HH-02333,6.4.0,6.4.0,2024-03-28,0,5,3
HH-02338,6.4.2,6.5.0,2024-03-16,1,1,4
HH-02339,6.4.0,6.5.0,2024-03-09,1,5,3
HH-02341,6.4.0,6.5.0,2024-05-24,1,6,7
HH-02342,6.4.2,6.5.0,2024-03-08,1,3,1
HH-02343,6.4.0,6.4.0,2024-04-28,0,4,3
HH-02344,6.4.0,6.4.0,2024-04-01,0,4,6
HH-02346,6.4.0,6.4.0,2024-04-10,0,3,7
HH-02347,6.4.0,6.5.0,2024-05-18,1,3,4
HH-02348,6.4.2,6.4.2,2024-02-28,0,4,6
HH-02352,6.4.0,6.4.0,2024-05-28,0,3,6
HH-02353,6.4.0,6.4.0,2024-03-17,0,1,5
HH-02355,6.4.2,6.4.2,2024-04-04,0,2,2
HH-02360,6.4.2,6.5.0,2024-05-05,1,0,0
HH-02361,6.4.0,6.5.0,2024-02-19,1,4,2
HH-02362,6.4.0,6.5.0,2024-02-03,1,1,5
HH-02363,6.4.2,6.5.0,2024-02-08,1,3,3
HH-02364,6.4.0,6.4.0,2024-03-23,0,7,0
HH-02366,6.4.0,6.4.0,2024-04-19,0,4,0
HH-02367,6.4.0,6.4.0,2024-05-06,0,4,3
HH-02370,6.4.2,6.5.0,2024-05-07,1,0,5
HH-02371,6.4.2,6.5.0,2024-05-26,1,0,1
HH-02373,6.4.2,6.5.0,2024-05-06,1,1,2
HH-02376,6.4.0,6.4.0,2024-02-26,0,2,4
HH-02377,6.4.0,6.4.0,2024-03-30,0,3,1
HH-02378,6.4.0,6.4.0,2024-03-09,0,1,3
HH-02380,6.4.0,6.4.0,2024-02-07,0,5,4
HH-02383,6.4.0,6.5.0,2024-05-23,1,1,1
HH-02384,6.4.2,6.4.2,2024-05-14,0,4,4
HH-02389,6.4.0,6.4.0,2024-04-06,0,8,4
HH-02390,6.4.2,6.5.0,2024-05-24,1,2,3
HH-02392,6.4.2,6.4.2,2024-02-12,0,7,3
HH-02393,6.4.0,6.4.0,2024-04-13,0,5,4
HH-02398,6.4.2,6.5.0,2024-05-12,1,2,3
HH-02401,6.4.2,6.5.0,2024-04-01,1,1,6
HH-02402,6.4.0,6.5.0,2024-05-08,1,4,3
HH-02403,6.4.0,6.4.0,2024-05-10,0,1,5
HH-02406,6.4.2,6.5.0,2024-04-21,1,3,4
HH-02409,6.4.0,6.4.0,2024-03-30,0,2,6
HH-02410,6.4.0,6.5.0,2024-02-01,1,3,4
HH-02411,6.4.0,6.4.0,2024-03-23,0,7,3
HH-02413,6.4.2,6.4.2,2024-05-22,0,3,3
HH-02414,6.4.0,6.4.0,2024-04-14,0,7,3
HH-02415,6.4.0,6.5.0,2024-03-21,1,2,7
HH-02419,6.4.2,6.5.0,2024-03-22,1,0,2
HH-02421,6.4.2,6.4.2,2024-04-06,0,2,3
HH-02422,6.4.0,6.5.0,2024-02-08,1,6,8
HH-02423,6.4.0,6.5.0,2024-05-20,1,2,2
HH-02424,6.4.0,6.5.0,2024-04-16,1,2,5
HH-02428,6.4.2,6.4.2,2024-05-09,0,2,5
HH-02429,6.4.2,6.4.2,2024-04-08,0,2,2
HH-02431,6.4.0,6.4.0,2024-04-15,0,4,2
HH-02440,6.4.2,6.4.2,2024-02-13,0,3,5
HH-02443,6.4.2,6.4.2,2024-03-26,0,4,6
HH-02445,6.4.2,6.5.0,2024-02-12,1,5,1
HH-02446,6.4.0,6.5.0,2024-03-23,1,4,4
HH-02448,6.4.2,6.4.2,2024-04-30,0,4,4
HH-02450,6.4.0,6.4.0,2024-03-22,0,6,2
HH-02451,6.4.0,6.5.0,2024-03-24,1,3,2
HH-02453,6.4.2,6.4.2,2024-02-13,0,5,4
HH-02456,6.4.2,6.4.2,2024-02-08,0,7,3
HH-02457,6.4.0,6.4.0,2024-04-06,0,3,6
HH-02460,6.4.0,6.5.0,2024-03-17,1,7,6
HH-02465,6.4.0,6.5.0,2024-04-07,1,1,3
HH-02466,6.4.2,6.4.2,2024-04-29,0,4,5
HH-02467,6.4.2,6.5.0,2024-04-08,1,1,2
HH-02468,6.4.2,6.4.2,2024-05-02,0,3,3
HH-02470,6.4.2,6.5.0,2024-02-26,1,5,7
HH-02473,6.4.0,6.5.0,2024-03-24,1,4,1
HH-02474,6.4.0,6.5.0,2024-02-17,1,3,3
HH-02475,6.4.0,6.5.0,2024-02-07,1,4,3
HH-02476,6.4.2,6.4.2,2024-05-03,0,5,4
HH-02479,6.4.0,6.5.0,2024-03-24,1,2,5
HH-02482,6.4.0,6.5.0,2024-03-02,1,8,8
HH-02483,6.4.0,6.4.0,2024-04-01,0,6,4
HH-02484,6.4.0,6.4.0,2024-04-05,0,4,3
HH-02485,6.4.2,6.4.2,2024-03-06,0,8,7
HH-02486,6.4.0,6.4.0,2024-03-22,0,2,1
HH-02488,6.4.0,6.4.0,2024-05-27,0,4,6
HH-02489,6.4.2,6.5.0,2024-04-07,1,1,3
HH-02491,6.4.0,6.4.0,2024-02-22,0,2,8
HH-02493,6.4.0,6.4.0,2024-05-05,0,3,5
HH-02499,6.4.2,6.4.2,2024-03-13,0,3,2
HH-02500,6.4.0,6.4.0,2024-04-21,0,5,5
HH-02501,6.4.2,6.4.2,2024-02-16,0,1,5
HH-02504,6.4.0,6.5.0,2024-03-30,1,5,3
HH-02506,6.4.0,6.5.0,2024-02-16,1,1,5
HH-02508,6.4.2,6.4.2,2024-04-02,0,7,2
HH-02510,6.4.2,6.4.2,2024-04-01,0,4,6
HH-02514,6.4.2,6.5.0,2024-03-29,1,3,6
HH-02515,6.4.2,6.4.2,2024-05-02,0,0,4
HH-02518,6.4.2,6.5.0,2024-03-27,1,4,3
HH-02521,6.4.0,6.5.0,2024-02-05,1,1,3
HH-02522,6.4.0,6.5.0,2024-04-19,1,8,6
HH-02523,6.4.2,6.4.2,2024-04-22,0,6,7
HH-02525,6.4.2,6.5.0,2024-04-27,1,0,7
HH-02526,6.4.0,6.4.0,2024-04-04,0,2,4
HH-02527,6.4.0,6.4.0,2024-03-30,0,4,6
HH-02528,6.4.2,6.5.0,2024-02-11,1,2,2
HH-02533,6.4.0,6.5.0,2024-05-10,1,4,5
HH-02534,6.4.2,6.5.0,2024-04-15,1,2,4
HH-02535,6.4.2,6.5.0,2024-04-05,1,1,2
HH-02536,6.4.2,6.4.2,2024-04-24,0,6,7
HH-02538,6.4.0,6.4.0,2024-03-15,0,1,2
HH-02539,6.4.0,6.5.0,2024-02-08,1,4,2
HH-02542,6.4.0,6.5.0,2024-03-10,1,2,4
HH-02546,6.4.2,6.5.0,2024-03-02,1,4,0
HH-02548,6.4.2,6.5.0,2024-04-28,1,3,6
HH-02549,6.4.2,6.5.0,2024-03-05,1,1,4
HH-02551,6.4.0,6.5.0,2024-04-21,1,4,6
HH-02552,6.4.2,6.5.0,2024-03-23,1,4,5
HH-02553,6.4.0,6.5.0,2024-05-17,1,2,5
HH-02554,6.4.2,6.5.0,2024-04-10,1,4,8
HH-02555,6.4.0,6.4.0,2024-05-03,0,1,0
HH-02557,6.4.0,6.5.0,2024-04-28,1,6,9
HH-02558,6.4.0,6.5.0,2024-04-28,1,3,4
HH-02559,6.4.2,6.4.2,2024-03-22,0,6,5
HH-02560,6.4.2,6.5.0,2024-03-26,1,1,3
HH-02561,6.4.2,6.4.2,2024-05-23,0,3,5
HH-02563,6.4.2,6.5.0,2024-04-23,1,5,3
HH-02564,6.4.0,6.5.0,2024-02-28,1,1,7
HH-02568,6.4.2,6.5.0,2024-05-18,1,1,3
HH-02571,6.4.0,6.5.0,2024-05-13,1,2,2
HH-02573,6.4.2,6.5.0,2024-05-07,1,2,4
HH-02576,6.4.0,6.5.0,2024-05-14,1,2,5
HH-02577,6.4.2,6.5.0,2024-02-13,1,2,3
HH-02579,6.4.2,6.5.0,2024-01-31,1,5,4
HH-02580,6.4.2,6.4.2,2024-02-08,0,1,6
HH-02581,6.4.0,6.4.0,2024-05-17,0,2,6
HH-02584,6.4.0,6.4.0,2024-04-28,0,8,2
HH-02585,6.4.2,6.4.2,2024-03-21,0,5,10
HH-02586,6.4.0,6.4.0,2024-02-16,0,8,7
HH-02587,6.4.2,6.4.2,2024-02-24,0,1,5
HH-02588,6.4.0,6.4.0,2024-04-07,0,5,7
HH-02591,6.4.2,6.5.0,2024-03-27,1,5,9
HH-02592,6.4.2,6.5.0,2024-05-25,1,3,2
HH-02600,6.4.2,6.5.0,2024-05-19,1,3,3
HH-02602,6.4.0,6.4.0,2024-02-25,0,8,3
HH-02605,6.4.2,6.4.2,2024-02-22,0,1,5
HH-02607,6.4.2,6.4.2,2024-02-10,0,4,8
HH-02613,6.4.0,6.5.0,2024-02-28,1,2,7
HH-02615,6.4.0,6.5.0,2024-04-16,1,3,5
HH-02617,6.4.2,6.5.0,2024-04-19,1,3,5
HH-02619,6.4.0,6.4.0,2024-02-15,0,6,3
HH-02621,6.4.0,6.5.0,2024-03-12,1,4,7
HH-02623,6.4.2,6.5.0,2024-04-19,1,5,3
HH-02624,6.4.0,6.5.0,2024-03-30,1,2,6
HH-02625,6.4.2,6.5.0,2024-05-20,1,0,2
HH-02627,6.4.0,6.5.0,2024-02-29,1,1,1
HH-02629,6.4.2,6.4.2,2024-03-21,0,5,5
HH-02630,6.4.0,6.5.0,2024-05-11,1,5,2
HH-02631,6.4.2,6.5.0,2024-04-21,1,4,5
HH-02634,6.4.2,6.4.2,2024-04-25,0,1,2
HH-02637,6.4.2,6.4.2,2024-03-19,0,8,3
HH-02640,6.4.0,6.5.0,2024-01-31,1,1,5
HH-02642,6.4.0,6.4.0,2024-03-06,0,6,6
HH-02645,6.4.2,6.5.0,2024-05-05,1,3,5
HH-02646,6.4.0,6.4.0,2024-05-02,0,4,6
HH-02649,6.4.0,6.5.0,2024-02-06,1,1,3
HH-02653,6.4.2,6.5.0,2024-03-30,1,2,3
HH-02654,6.4.2,6.5.0,2024-05-10,1,5,2
HH-02655,6.4.2,6.5.0,2024-05-21,1,2,4
HH-02656,6.4.2,6.4.2,2024-03-11,0,3,6
HH-02657,6.4.2,6.5.0,2024-02-21,1,2,4
HH-02658,6.4.0,6.4.0,2024-02-12,0,4,1
HH-02659,6.4.2,6.4.2,2024-05-11,0,4,6
HH-02661,6.4.2,6.5.0,2024-02-17,1,4,2
HH-02662,6.4.2,6.4.2,2024-05-24,0,3,5
HH-02663,6.4.0,6.4.0,2024-04-24,0,4,5
HH-02666,6.4.2,6.4.2,2024-05-13,0,7,4
HH-02667,6.4.2,6.5.0,2024-03-17,1,3,4
HH-02670,6.4.2,6.4.2,2024-02-20,0,7,3
HH-02671,6.4.0,6.4.0,2024-05-20,0,6,7
HH-02673,6.4.0,6.5.0,2024-02-19,1,4,6
HH-02674,6.4.0,6.5.0,2024-04-03,1,1,1
HH-02675,6.4.0,6.5.0,2024-04-17,1,2,2
HH-02676,6.4.2,6.4.2,2024-04-27,0,4,5
HH-02681,6.4.0,6.5.0,2024-05-01,1,4,4
HH-02682,6.4.2,6.5.0,2024-02-19,1,1,0
HH-02683,6.4.0,6.4.0,2024-03-19,0,3,3
HH-02685,6.4.2,6.4.2,2024-04-09,0,3,4
HH-02686,6.4.2,6.4.2,2024-05-25,0,1,6
HH-02689,6.4.2,6.4.2,2024-02-14,0,6,2
HH-02693,6.4.0,6.5.0,2024-03-18,1,2,2
HH-02695,6.4.2,6.5.0,2024-02-08,1,3,4
HH-02696,6.4.0,6.4.0,2024-02-10,0,4,2
HH-02697,6.4.2,6.5.0,2024-05-16,1,3,2
HH-02701,6.4.2,6.5.0,2024-05-07,1,2,5
HH-02702,6.4.2,6.4.2,2024-03-04,0,2,3
HH-02706,6.4.0,6.5.0,2024-03-12,1,4,4
HH-02707,6.4.2,6.4.2,2024-03-21,0,2,2
HH-02708,6.4.0,6.5.0,2024-02-14,1,4,1
HH-02709,6.4.2,6.4.2,2024-05-28,0,6,3
HH-02713,6.4.0,6.4.0,2024-02-08,0,5,5
HH-02718,6.4.0,6.5.0,2024-04-12,1,5,7
HH-02720,6.4.0,6.5.0,2024-02-12,1,1,5
HH-02723,6.4.2,6.4.2,2024-04-07,0,5,2
HH-02727,6.4.0,6.5.0,2024-04-08,1,4,4
HH-02729,6.4.0,6.5.0,2024-04-30,1,4,0
HH-02730,6.4.0,6.5.0,2024-05-09,1,4,2
HH-02733,6.4.2,6.4.2,2024-02-09,0,8,2
HH-02735,6.4.2,6.4.2,2024-04-06,0,2,4
HH-02738,6.4.2,6.4.2,2024-04-27,0,8,3
HH-02740,6.4.2,6.5.0,2024-05-23,1,2,3
HH-02742,6.4.2,6.5.0,2024-05-26,1,4,4
HH-02744,6.4.0,6.5.0,2024-03-13,1,3,7
HH-02745,6.4.0,6.4.0,2024-02-05,0,6,3
HH-02747,6.4.2,6.5.0,2024-02-22,1,2,5
HH-02749,6.4.2,6.5.0,2024-03-21,1,1,1
HH-02751,6.4.2,6.4.2,2024-03-14,0,3,7
HH-02753,6.4.0,6.4.0,2024-03-25,0,4,7
HH-02755,6.4.2,6.5.0,2024-05-14,1,1,3
HH-02760,6.4.2,6.4.2,2024-05-02,0,3,4
HH-02762,6.4.0,6.4.0,2024-04-21,0,1,4
HH-02763,6.4.2,6.5.0,2024-05-02,1,3,4
HH-02764,6.4.2,6.4.2,2024-02-28,0,8,2
HH-02765,6.4.2,6.4.2,2024-02-22,0,7,3
HH-02769,6.4.2,6.4.2,2024-05-18,0,7,6
HH-02770,6.4.0,6.4.0,2024-05-26,0,5,3
HH-02771,6.4.2,6.4.2,2024-04-22,0,4,4
HH-02777,6.4.2,6.4.2,2024-05-02,0,6,2
HH-02779,6.4.0,6.5.0,2024-03-24,1,4,4
HH-02780,6.4.0,6.4.0,2024-03-29,0,2,3
HH-02785,6.4.0,6.5.0,2024-04-02,1,3,2
HH-02789,6.4.0,6.5.0,2024-03-03,1,2,4
HH-02790,6.4.0,6.4.0,2024-04-15,0,3,4
HH-02792,6.4.0,6.4.0,2024-04-30,0,5,4
HH-02793,6.4.2,6.4.2,2024-02-11,0,2,6
HH-02794,6.4.2,6.4.2,2024-02-14,0,0,4
HH-02806,6.4.2,6.4.2,2024-03-01,0,6,4
HH-02813,6.4.0,6.5.0,2024-02-10,1,4,4
HH-02815,6.4.0,6.5.0,2024-02-26,1,3,1
HH-02819,6.4.0,6.5.0,2024-02-28,1,5,6
HH-02821,6.4.0,6.4.0,2024-05-07,0,3,3
HH-02822,6.4.0,6.5.0,2024-04-20,1,4,1
HH-02823,6.4.2,6.5.0,2024-02-07,1,2,7
HH-02824,6.4.0,6.4.0,2024-03-18,0,2,8
HH-02828,6.4.0,6.5.0,2024-04-27,1,1,4
HH-02831,6.4.0,6.4.0,2024-02-26,0,4,2
HH-02835,6.4.0,6.5.0,2024-03-18,1,2,4
HH-02836,6.4.2,6.4.2,2024-03-14,0,4,2
HH-02837,6.4.2,6.5.0,2024-03-05,1,1,0
HH-02838,6.4.0,6.5.0,2024-04-30,1,2,3
HH-02840,6.4.0,6.4.0,2024-05-20,0,3,5
HH-02841,6.4.0,6.5.0,2024-05-15,1,4,2
HH-02843,6.4.0,6.4.0,2024-04-05,0,2,4
HH-02844,6.4.2,6.5.0,2024-03-08,1,3,3
HH-02845,6.4.2,6.5.0,2024-05-27,1,1,0
HH-02846,6.4.2,6.5.0,2024-02-11,1,3,5
HH-02847,6.4.0,6.5.0,2024-05-27,1,1,2
HH-02851,6.4.2,6.5.0,2024-02-10,1,2,6
HH-02852,6.4.2,6.5.0,2024-02-03,1,3,11
HH-02854,6.4.0,6.5.0,2024-03-13,1,1,3
HH-02855,6.4.0,6.4.0,2024-04-23,0,8,4
HH-02856,6.4.0,6.5.0,2024-05-17,1,1,10
HH-02863,6.4.2,6.5.0,2024-03-27,1,2,4
HH-02870,6.4.2,6.4.2,2024-03-10,0,4,3
HH-02874,6.4.0,6.5.0,2024-04-03,1,2,2
HH-02875,6.4.0,6.5.0,2024-05-04,1,2,2
HH-02876,6.4.2,6.5.0,2024-02-22,1,1,1
HH-02877,6.4.0,6.5.0,2024-04-15,1,2,2
HH-02878,6.4.2,6.4.2,2024-02-23,0,3,5
HH-02881,6.4.0,6.5.0,2024-04-29,1,3,1
HH-02882,6.4.0,6.5.0,2024-04-21,1,2,3
HH-02885,6.4.2,6.4.2,2024-03-23,0,4,8
HH-02887,6.4.0,6.4.0,2024-04-17,0,3,4
HH-02889,6.4.0,6.5.0,2024-05-12,1,6,5
HH-02891,6.4.0,6.4.0,2024-04-01,0,1,2
HH-02892,6.4.2,6.4.2,2024-04-23,0,7,5
HH-02893,6.4.0,6.5.0,2024-02-13,1,3,3
HH-02894,6.4.0,6.4.0,2024-04-02,0,5,6
HH-02895,6.4.2,6.4.2,2024-03-18,0,2,4
HH-02896,6.4.2,6.4.2,2024-04-12,0,4,3
HH-02897,6.4.0,6.5.0,2024-05-10,1,2,6
HH-02900,6.4.0,6.4.0,2024-03-22,0,0,7
HH-02903,6.4.2,6.5.0,2024-05-16,1,4,2
HH-02907,6.4.2,6.4.2,2024-03-14,0,3,4
HH-02908,6.4.0,6.5.0,2024-02-16,1,6,5
HH-02909,6.4.0,6.5.0,2024-04-10,1,0,3
HH-02911,6.4.0,6.5.0,2024-03-26,1,1,5
HH-02912,6.4.0,6.5.0,2024-02-10,1,1,1
HH-02916,6.4.2,6.5.0,2024-04-22,1,3,5
HH-02919,6.4.0,6.5.0,2024-05-04,1,1,2
HH-02920,6.4.2,6.4.2,2024-04-23,0,1,5
HH-02921,6.4.2,6.4.2,2024-03-22,0,8,5
HH-02928,6.4.2,6.4.2,2024-05-20,0,2,3
HH-02930,6.4.2,6.5.0,2024-04-17,1,3,3
HH-02931,6.4.2,6.5.0,2024-03-09,1,2,5
HH-02932,6.4.0,6.4.0,2024-03-07,0,1,6
HH-02936,6.4.0,6.5.0,2024-03-13,1,3,5
HH-02937,6.4.0,6.4.0,2024-01-31,0,4,8
HH-02939,6.4.0,6.4.0,2024-04-12,0,4,7
HH-02941,6.4.2,6.4.2,2024-05-18,0,3,10
HH-02944,6.4.0,6.5.0,2024-03-15,1,3,1
HH-02946,6.4.2,6.4.2,2024-04-23,0,2,7
HH-02947,6.4.2,6.4.2,2024-02-20,0,6,5
HH-02952,6.4.2,6.5.0,2024-05-14,1,1,6
HH-02955,6.4.0,6.5.0,2024-03-30,1,7,5
HH-02956,6.4.2,6.5.0,2024-03-05,1,1,4
HH-02957,6.4.2,6.5.0,2024-03-06,1,5,4
HH-02963,6.4.0,6.4.0,2024-04-09,0,4,2
HH-02964,6.4.0,6.5.0,2024-02-25,1,6,1
HH-02968,6.4.0,6.5.0,2024-03-26,1,2,6
HH-02971,6.4.2,6.4.2,2024-02-17,0,6,1
HH-02974,6.4.0,6.5.0,2024-02-02,1,0,2
HH-02977,6.4.2,6.5.0,2024-02-12,1,1,2
HH-02978,6.4.2,6.4.2,2024-02-20,0,8,7
HH-02979,6.4.2,6.4.2,2024-05-26,0,3,5
HH-02982,6.4.2,6.4.2,2024-04-18,0,4,7
HH-02984,6.4.0,6.5.0,2024-03-14,1,3,8
HH-02985,6.4.2,6.5.0,2024-03-18,1,1,4
HH-02986,6.4.2,6.4.2,2024-03-01,0,1,4
HH-02987,6.4.0,6.4.0,2024-03-15,0,0,6
HH-02988,6.4.2,6.5.0,2024-04-24,1,1,7
HH-02989,6.4.2,6.4.2,2024-03-15,0,5,3
HH-02990,6.4.2,6.4.2,2024-02-13,0,2,2
HH-02997,6.4.0,6.5.0,2024-04-01,1,1,5
HH-03000,6.4.2,6.4.2,2024-03-02,0,1,2
HH-03001,6.4.2,6.5.0,2024-05-09,1,2,1
HH-03004,6.4.0,6.4.0,2024-02-02,0,7,4
HH-03006,6.4.2,6.4.2,2024-02-27,0,2,6
HH-03008,6.4.2,6.5.0,2024-04-26,1,1,5
HH-03010,6.4.2,6.5.0,2024-03-14,1,3,3
HH-03011,6.4.0,6.5.0,2024-05-15,1,2,4
HH-03012,6.4.2,6.4.2,2024-04-12,0,2,4
HH-03014,6.4.2,6.5.0,2024-02-07,1,1,1
HH-03015,6.4.2,6.5.0,2024-05-29,1,4,5
HH-03016,6.4.0,6.5.0,2024-02-02,1,2,2
HH-03017,6.4.2,6.5.0,2024-05-27,1,2,3
HH-03018,6.4.0,6.5.0,2024-03-27,1,1,4
HH-03020,6.4.0,6.5.0,2024-02-22,1,3,4
HH-03021,6.4.2,6.4.2,2024-05-08,0,9,2
HH-03022,6.4.2,6.5.0,2024-05-09,1,2,4
HH-03023,6.4.0,6.5.0,2024-05-11,1,1,6
HH-03025,6.4.0,6.5.0,2024-02-11,1,2,4
HH-03026,6.4.2,6.5.0,2024-03-21,1,2,2
HH-03028,6.4.0,6.4.0,2024-04-20,0,3,6
HH-03029,6.4.2,6.5.0,2024-04-26,1,2,4
HH-03031,6.4.2,6.5.0,2024-02-12,1,1,8
HH-03034,6.4.2,6.5.0,2024-02-24,1,3,5
HH-03043,6.4.2,6.5.0,2024-04-23,1,1,5
HH-03044,6.4.0,6.5.0,2024-03-14,1,2,1
HH-03046,6.4.2,6.4.2,2024-05-09,0,5,0
HH-03053,6.4.2,6.5.0,2024-02-11,1,4,3
HH-03054,6.4.2,6.5.0,2024-02-13,1,4,2
HH-03055,6.4.0,6.4.0,2024-05-19,0,5,6
HH-03058,6.4.0,6.4.0,2024-03-12,0,3,3
HH-03059,6.4.0,6.5.0,2024-03-16,1,3,7
HH-03060,6.4.2,6.5.0,2024-02-10,1,0,3
HH-03066,6.4.0,6.5.0,2024-02-17,1,3,6
HH-03068,6.4.0,6.5.0,2024-02-04,1,1,4
HH-03069,6.4.0,6.5.0,2024-04-06,1,3,3
HH-03070,6.4.0,6.5.0,2024-05-01,1,1,2
HH-03071,6.4.0,6.4.0,2024-02-26,0,4,6
HH-03072,6.4.2,6.4.2,2024-03-12,0,2,3
HH-03073,6.4.2,6.5.0,2024-03-09,1,3,3
HH-03074,6.4.2,6.5.0,2024-04-07,1,4,1
HH-03076,6.4.2,6.4.2,2024-02-04,0,4,2
HH-03077,6.4.0,6.4.0,2024-03-26,0,3,6
HH-03079,6.4.0,6.5.0,2024-05-26,1,3,3
HH-03084,6.4.2,6.4.2,2024-04-18,0,7,5
HH-03085,6.4.2,6.5.0,2024-04-08,1,1,4
HH-03087,6.4.2,6.4.2,2024-03-20,0,5,3
HH-03091,6.4.0,6.5.0,2024-03-27,1,4,6
HH-03092,6.4.0,6.4.0,2024-02-11,0,3,2
HH-03094,6.4.0,6.5.0,2024-04-30,1,2,7
HH-03098,6.4.0,6.5.0,2024-01-31,1,4,3
HH-03099,6.4.0,6.4.0,2024-04-25,0,4,3
HH-03100,6.4.2,6.4.2,2024-02-27,0,5,3
HH-03102,6.4.0,6.5.0,2024-04-29,1,3,2
HH-03104,6.4.2,6.5.0,2024-02-15,1,1,4
HH-03105,6.4.2,6.5.0,2024-03-15,1,1,10
HH-03107,6.4.0,6.4.0,2024-04-13,0,0,6
HH-03108,6.4.2,6.5.0,2024-03-18,1,2,5
HH-03109,6.4.2,6.5.0,2024-04-07,1,4,3
HH-03110,6.4.0,6.4.0,2024-05-19,0,3,2
HH-03113,6.4.2,6.4.2,2024-02-20,0,1,4
HH-03114,6.4.0,6.5.0,2024-03-12,1,0,5
HH-03116,6.4.2,6.4.2,2024-03-01,0,3,3
HH-03119,6.4.0,6.4.0,2024-02-02,0,6,3
HH-03121,6.4.2,6.4.2,2024-02-28,0,3,0
HH-03123,6.4.2,6.5.0,2024-02-02,1,2,0
HH-03130,6.4.2,6.4.2,2024-04-15,0,1,4
HH-03131,6.4.2,6.4.2,2024-02-22,0,6,4
HH-03134,6.4.2,6.4.2,2024-05-28,0,5,1
HH-03136,6.4.0,6.5.0,2024-04-02,1,5,6
HH-03138,6.4.0,6.4.0,2024-05-27,0,4,4
HH-03141,6.4.2,6.5.0,2024-04-26,1,3,2
HH-03142,6.4.2,6.4.2,2024-05-25,0,2,2
HH-03150,6.4.0,6.4.0,2024-04-13,0,3,5
HH-03151,6.4.2,6.5.0,2024-04-11,1,2,3
HH-03154,6.4.2,6.4.2,2024-05-09,0,2,3
HH-03156,6.4.2,6.4.2,2024-05-03,0,6,5
HH-03157,6.4.0,6.5.0,2024-03-07,1,1,4
HH-03158,6.4.0,6.4.0,2024-02-02,0,7,3
HH-03159,6.4.2,6.4.2,2024-04-30,0,2,4
HH-03162,6.4.0,6.5.0,2024-02-03,1,6,5
HH-03163,6.4.0,6.4.0,2024-05-11,0,7,4
HH-03167,6.4.2,6.4.2,2024-05-24,0,7,4
HH-03168,6.4.0,6.5.0,2024-02-17,1,2,8
HH-03170,6.4.2,6.5.0,2024-03-11,1,4,0
HH-03171,6.4.2,6.5.0,2024-05-26,1,0,2
HH-03172,6.4.0,6.5.0,2024-02-29,1,2,5
HH-03174,6.4.2,6.4.2,2024-03-02,0,4,4
HH-03177,6.4.2,6.4.2,2024-04-21,0,4,4
HH-03188,6.4.0,6.4.0,2024-02-11,0,3,3
HH-03191,6.4.0,6.4.0,2024-04-18,0,3,3
HH-03196,6.4.2,6.5.0,2024-03-12,1,3,2
HH-03198,6.4.0,6.4.0,2024-04-10,0,4,2
HH-03201,6.4.0,6.5.0,2024-05-23,1,1,6
HH-03204,6.4.2,6.4.2,2024-03-05,0,4,2
HH-03211,6.4.2,6.5.0,2024-02-06,1,3,3
HH-03213,6.4.0,6.4.0,2024-02-15,0,3,2
HH-03215,6.4.0,6.5.0,2024-04-11,1,1,3
HH-03216,6.4.0,6.4.0,2024-03-30,0,3,3
HH-03219,6.4.2,6.4.2,2024-05-02,0,5,2
HH-03225,6.4.0,6.5.0,2024-02-22,1,1,4
HH-03228,6.4.0,6.4.0,2024-02-11,0,7,8
HH-03229,6.4.0,6.4.0,2024-02-12,0,4,3
HH-03231,6.4.0,6.4.0,2024-03-25,0,4,2
HH-03232,6.4.2,6.5.0,2024-04-13,1,4,3
HH-03233,6.4.0,6.5.0,2024-02-11,1,4,4
HH-03235,6.4.0,6.4.0,2024-02-01,0,11,3
HH-03236,6.4.2,6.4.2,2024-02-17,0,1,7
HH-03237,6.4.2,6.4.2,2024-02-01,0,2,7
HH-03238,6.4.2,6.4.2,2024-01-31,0,4,1
HH-03240,6.4.2,6.4.2,2024-04-29,0,5,7
HH-03241,6.4.2,6.5.0,2024-02-10,1,2,7
HH-03243,6.4.0,6.5.0,2024-02-18,1,3,7
HH-03245,6.4.2,6.4.2,2024-05-26,0,2,6
HH-03247,6.4.0,6.4.0,2024-04-11,0,5,2
HH-03249,6.4.2,6.5.0,2024-03-28,1,9,2
HH-03253,6.4.2,6.5.0,2024-03-05,1,5,3
HH-03254,6.4.0,6.5.0,2024-02-12,1,3,4
HH-03258,6.4.2,6.4.2,2024-02-22,0,2,4
HH-03259,6.4.2,6.4.2,2024-03-30,0,4,7
HH-03262,6.4.2,6.4.2,2024-04-02,0,4,6
HH-03264,6.4.2,6.4.2,2024-05-25,0,7,4
HH-03266,6.4.2,6.5.0,2024-03-20,1,5,4
HH-03268,6.4.2,6.4.2,2024-02-29,0,2,5
HH-03269,6.4.2,6.5.0,2024-05-24,1,1,3
HH-03273,6.4.0,6.5.0,2024-03-15,1,4,3
HH-03274,6.4.0,6.5.0,2024-04-04,1,3,6
HH-03275,6.4.2,6.4.2,2024-04-18,0,4,0
HH-03276,6.4.0,6.4.0,2024-04-07,0,2,2
HH-03277,6.4.0,6.5.0,2024-02-08,1,6,2
HH-03278,6.4.0,6.5.0,2024-05-29,1,3,5
HH-03284,6.4.0,6.5.0,2024-04-10,1,3,3
HH-03285,6.4.2,6.5.0,2024-05-24,1,2,3
HH-03286,6.4.0,6.5.0,2024-03-05,1,6,3
HH-03289,6.4.0,6.4.0,2024-05-20,0,2,2
HH-03291,6.4.2,6.4.2,2024-05-06,0,4,2
HH-03294,6.4.2,6.4.2,2024-05-29,0,1,5
HH-03295,6.4.2,6.4.2,2024-03-18,0,6,8
HH-03296,6.4.2,6.5.0,2024-03-02,1,2,4
HH-03297,6.4.2,6.5.0,2024-03-06,1,7,5
HH-03299,6.4.2,6.5.0,2024-03-31,1,1,2
HH-03300,6.4.2,6.4.2,2024-02-15,0,3,3
HH-03302,6.4.2,6.4.2,2024-04-20,0,1,1
HH-03308,6.4.0,6.5.0,2024-04-21,1,1,5
HH-03309,6.4.0,6.5.0,2024-03-17,1,6,11
HH-03310,6.4.0,6.4.0,2024-03-25,0,8,5
HH-03313,6.4.2,6.5.0,2024-02-04,1,4,4
HH-03314,6.4.0,6.4.0,2024-05-14,0,7,7
HH-03317,6.4.2,6.5.0,2024-04-10,1,1,2
HH-03319,6.4.0,6.5.0,2024-02-26,1,1,1
HH-03321,6.4.2,6.5.0,2024-03-03,1,3,4
HH-03323,6.4.0,6.4.0,2024-03-03,0,6,4
HH-03325,6.4.2,6.5.0,2024-04-27,1,3,2
HH-03329,6.4.0,6.5.0,2024-04-22,1,0,3
HH-03330,6.4.2,6.4.2,2024-02-04,0,3,3
HH-03331,6.4.2,6.5.0,2024-05-25,1,2,5
HH-03332,6.4.2,6.4.2,2024-02-18,0,4,3
HH-03333,6.4.0,6.5.0,2024-03-30,1,2,2
HH-03334,6.4.2,6.5.0,2024-04-03,1,2,3
HH-03335,6.4.0,6.5.0,2024-02-27,1,1,5
HH-03337,6.4.0,6.5.0,2024-02-09,1,2,4
HH-03338,6.4.0,6.4.0,2024-05-14,0,0,4
HH-03339,6.4.2,6.5.0,2024-05-24,1,2,2
HH-03340,6.4.2,6.5.0,2024-03-30,1,3,2
HH-03341,6.4.0,6.5.0,2024-05-28,1,3,2
HH-03343,6.4.0,6.4.0,2024-05-06,0,3,5
HH-03345,6.4.2,6.4.2,2024-02-27,0,4,3
HH-03346,6.4.2,6.5.0,2024-04-29,1,0,4
HH-03348,6.4.0,6.5.0,2024-04-10,1,4,4
HH-03349,6.4.2,6.5.0,2024-05-07,1,6,6
HH-03350,6.4.2,6.5.0,2024-04-25,1,1,5
HH-03353,6.4.0,6.5.0,2024-03-05,1,3,5
HH-03357,6.4.0,6.4.0,2024-04-13,0,5,3
HH-03360,6.4.2,6.5.0,2024-04-17,1,1,4
HH-03363,6.4.0,6.4.0,2024-04-13,0,7,4
HH-03364,6.4.0,6.5.0,2024-04-14,1,5,2
HH-03365,6.4.2,6.4.2,2024-04-08,0,3,4
HH-03366,6.4.0,6.4.0,2024-05-22,0,2,9
HH-03367,6.4.2,6.4.2,2024-02-28,0,4,4
HH-03368,6.4.2,6.5.0,2024-02-02,1,5,3
HH-03371,6.4.0,6.4.0,2024-02-07,0,3,1
HH-03372,6.4.0,6.4.0,2024-04-20,0,3,4
HH-03373,6.4.2,6.5.0,2024-04-19,1,1,8
HH-03374,6.4.0,6.4.0,2024-02-07,0,4,5
HH-03375,6.4.0,6.5.0,2024-03-11,1,5,4
HH-03378,6.4.0,6.5.0,2024-04-21,1,4,0
HH-03379,6.4.0,6.5.0,2024-05-25,1,3,1
HH-03380,6.4.0,6.5.0,2024-02-18,1,3,3
HH-03382,6.4.2,6.5.0,2024-05-16,1,4,6
HH-03385,6.4.0,6.5.0,2024-05-21,1,3,4
HH-03388,6.4.0,6.5.0,2024-05-17,1,5,5
HH-03390,6.4.2,6.4.2,2024-05-18,0,7,4
HH-03393,6.4.2,6.4.2,2024-05-07,0,5,3
HH-03394,6.4.2,6.5.0,2024-02-21,1,1,4
HH-03395,6.4.2,6.4.2,2024-04-06,0,6,8
HH-03396,6.4.0,6.5.0,2024-03-27,1,4,6
HH-03397,6.4.0,6.5.0,2024-05-07,1,0,2
HH-03400,6.4.0,6.5.0,2024-03-16,1,1,3
HH-03402,6.4.0,6.5.0,2024-05-24,1,3,3
HH-03403,6.4.0,6.4.0,2024-04-27,0,1,5
HH-03404,6.4.0,6.5.0,2024-04-30,1,5,5
HH-03408,6.4.0,6.4.0,2024-02-12,0,5,5
HH-03410,6.4.0,6.5.0,2024-05-24,1,3,4
HH-03413,6.4.0,6.5.0,2024-04-11,1,1,2
HH-03416,6.4.2,6.5.0,2024-02-05,1,5,4
HH-03417,6.4.0,6.4.0,2024-04-26,0,1,2
HH-03418,6.4.2,6.4.2,2024-02-21,0,7,3
HH-03420,6.4.0,6.4.0,2024-04-23,0,5,1
HH-03431,6.4.0,6.4.0,2024-02-27,0,4,4
HH-03436,6.4.0,6.5.0,2024-02-23,1,4,7
HH-03438,6.4.2,6.5.0,2024-03-27,1,6,7
HH-03439,6.4.0,6.4.0,2024-02-20,0,5,4
HH-03442,6.4.2,6.4.2,2024-04-21,0,3,3
HH-03443,6.4.0,6.4.0,2024-03-31,0,7,3
HH-03445,6.4.2,6.4.2,2024-03-30,0,6,1
HH-03446,6.4.0,6.5.0,2024-05-19,1,2,3
HH-03449,6.4.2,6.5.0,2024-03-16,1,2,2
HH-03450,6.4.2,6.4.2,2024-03-01,0,2,2
HH-03452,6.4.2,6.5.0,2024-02-27,1,3,1
HH-03453,6.4.0,6.5.0,2024-02-01,1,3,5
HH-03456,6.4.2,6.5.0,2024-03-30,1,4,5
HH-03457,6.4.0,6.5.0,2024-05-18,1,2,3
HH-03463,6.4.2,6.4.2,2024-05-28,0,6,5
HH-03466,6.4.0,6.4.0,2024-05-02,0,6,2
HH-03467,6.4.0,6.5.0,2024-03-10,1,4,3
HH-03472,6.4.0,6.5.0,2024-05-15,1,2,2
HH-03475,6.4.2,6.5.0,2024-05-03,1,2,4
HH-03477,6.4.2,6.4.2,2024-02-29,0,4,9
HH-03478,6.4.2,6.5.0,2024-01-31,1,3,1
HH-03484,6.4.2,6.4.2,2024-05-05,0,2,2
HH-03485,6.4.2,6.4.2,2024-05-01,0,2,5
HH-03487,6.4.0,6.5.0,2024-05-25,1,2,3
HH-03490,6.4.2,6.4.2,2024-04-05,0,10,5
HH-03492,6.4.0,6.4.0,2024-05-03,0,7,3
HH-03497,6.4.0,6.4.0,2024-04-12,0,1,2
HH-03500,6.4.0,6.4.0,2024-02-27,0,1,8
HH-03505,6.4.2,6.4.2,2024-02-25,0,3,9
HH-03507,6.4.0,6.5.0,2024-04-03,1,1,2
HH-03511,6.4.2,6.4.2,2024-05-04,0,9,5
HH-03512,6.4.2,6.4.2,2024-05-17,0,3,7
HH-03513,6.4.2,6.5.0,2024-03-10,1,7,4
HH-03518,6.4.0,6.5.0,2024-05-15,1,4,6
HH-03519,6.4.2,6.4.2,2024-05-11,0,6,2
HH-03520,6.4.0,6.5.0,2024-02-05,1,5,7
HH-03521,6.4.0,6.4.0,2024-04-23,0,4,6
HH-03523,6.4.0,6.4.0,2024-04-28,0,2,3
HH-03524,6.4.0,6.4.0,2024-05-16,0,6,4
HH-03526,6.4.0,6.5.0,2024-03-19,1,1,3
HH-03527,6.4.2,6.5.0,2024-02-10,1,3,1
HH-03528,6.4.2,6.5.0,2024-04-13,1,2,6
HH-03529,6.4.2,6.5.0,2024-04-05,1,1,5
HH-03532,6.4.0,6.5.0,2024-05-06,1,1,4
HH-03533,6.4.2,6.4.2,2024-03-30,0,4,5
HH-03534,6.4.0,6.4.0,2024-03-29,0,2,8
HH-03538,6.4.0,6.4.0,2024-02-11,0,3,2
HH-03540,6.4.0,6.5.0,2024-04-22,1,1,7
HH-03541,6.4.2,6.4.2,2024-02-10,0,2,4
HH-03542,6.4.2,6.5.0,2024-05-26,1,3,3
HH-03543,6.4.2,6.4.2,2024-05-29,0,3,4
HH-03544,6.4.0,6.4.0,2024-05-29,0,5,4
HH-03545,6.4.0,6.4.0,2024-05-25,0,3,3
HH-03546,6.4.2,6.5.0,2024-02-02,1,4,0
HH-03548,6.4.0,6.5.0,2024-02-29,1,4,2
HH-03552,6.4.2,6.4.2,2024-03-14,0,1,2
HH-03553,6.4.0,6.5.0,2024-02-01,1,1,7
HH-03554,6.4.0,6.4.0,2024-02-20,0,6,6
HH-03555,6.4.2,6.5.0,2024-03-06,1,2,6
HH-03557,6.4.0,6.4.0,2024-02-17,0,5,6
HH-03558,6.4.2,6.4.2,2024-02-29,0,7,6
HH-03559,6.4.2,6.5.0,2024-02-16,1,7,4
HH-03562,6.4.2,6.5.0,2024-05-11,1,5,2
HH-03564,6.4.0,6.4.0,2024-02-11,0,4,3
HH-03565,6.4.0,6.4.0,2024-03-15,0,3,5
HH-03568,6.4.0,6.5.0,2024-02-20,1,4,3
HH-03570,6.4.0,6.5.0,2024-02-03,1,0,5
HH-03571,6.4.0,6.5.0,2024-03-15,1,4,5
HH-03576,6.4.2,6.4.2,2024-02-14,0,4,5
HH-03581,6.4.2,6.4.2,2024-05-06,0,0,6
HH-03584,6.4.0,6.5.0,2024-03-18,1,3,4
HH-03585,6.4.0,6.4.0,2024-02-06,0,3,7
HH-03587,6.4.2,6.4.2,2024-03-15,0,3,5
HH-03588,6.4.0,6.4.0,2024-04-16,0,4,6
HH-03589,6.4.2,6.4.2,2024-04-14,0,5,2
HH-03590,6.4.2,6.5.0,2024-04-05,1,4,2
HH-03592,6.4.0,6.4.0,2024-02-16,0,8,4
HH-03594,6.4.2,6.4.2,2024-03-13,0,4,3
HH-03595,6.4.0,6.4.0,2024-03-26,0,3,3
HH-03596,6.4.0,6.4.0,2024-02-07,0,9,6
HH-03598,6.4.0,6.5.0,2024-03-07,1,4,3
HH-03599,6.4.2,6.4.2,2024-05-04,0,4,4
HH-03600,6.4.0,6.5.0,2024-01-31,1,5,6
HH-03601,6.4.2,6.5.0,2024-03-14,1,4,2
HH-03604,6.4.0,6.5.0,2024-05-11,1,3,2
HH-03605,6.4.0,6.5.0,2024-02-08,1,2,2
HH-03606,6.4.2,6.4.2,2024-02-28,0,6,2
HH-03608,6.4.2,6.4.2,2024-02-15,0,4,3
HH-03610,6.4.0,6.4.0,2024-03-27,0,5,2
HH-03622,6.4.0,6.5.0,2024-04-06,1,4,4
HH-03623,6.4.2,6.5.0,2024-02-28,1,1,2
HH-03625,6.4.2,6.4.2,2024-04-24,0,2,3
HH-03629,6.4.2,6.5.0,2024-04-24,1,1,3
HH-03630,6.4.2,6.5.0,2024-03-08,1,3,3
HH-03633,6.4.0,6.4.0,2024-03-16,0,4,6
HH-03635,6.4.2,6.5.0,2024-03-02,1,2,4
HH-03636,6.4.2,6.4.2,2024-02-28,0,3,2
HH-03637,6.4.0,6.4.0,2024-05-08,0,1,3
HH-03638,6.4.2,6.4.2,2024-03-22,0,3,1
HH-03639,6.4.2,6.4.2,2024-03-07,0,4,12
HH-03640,6.4.2,6.5.0,2024-04-21,1,5,3
HH-03641,6.4.0,6.5.0,2024-04-12,1,1,4
HH-03644,6.4.0,6.4.0,2024-05-21,0,4,7
HH-03645,6.4.0,6.5.0,2024-05-22,1,4,2
HH-03646,6.4.0,6.5.0,2024-02-02,1,1,3
HH-03648,6.4.2,6.5.0,2024-04-30,1,2,4
HH-03651,6.4.0,6.4.0,2024-05-24,0,4,6
HH-03653,6.4.0,6.5.0,2024-02-14,1,2,7
HH-03655,6.4.0,6.5.0,2024-02-18,1,4,2
HH-03656,6.4.0,6.5.0,2024-05-11,1,6,2
HH-03660,6.4.0,6.4.0,2024-02-29,0,5,3
HH-03661,6.4.0,6.4.0,2024-02-14,0,5,4
HH-03663,6.4.0,6.5.0,2024-04-18,1,3,3
HH-03664,6.4.0,6.4.0,2024-03-06,0,6,2
HH-03665,6.4.0,6.5.0,2024-05-10,1,2,5
HH-03666,6.4.2,6.4.2,2024-02-18,0,3,7
HH-03669,6.4.2,6.4.2,2024-02-08,0,3,3
HH-03672,6.4.0,6.5.0,2024-05-27,1,3,2
HH-03677,6.4.2,6.4.2,2024-02-19,0,4,1
HH-03678,6.4.0,6.5.0,2024-03-29,1,3,3
HH-03681,6.4.2,6.4.2,2024-03-17,0,5,4
HH-03683,6.4.2,6.5.0,2024-02-09,1,3,6
HH-03685,6.4.0,6.4.0,2024-05-10,0,3,4
HH-03690,6.4.0,6.5.0,2024-05-02,1,2,6
HH-03691,6.4.2,6.5.0,2024-03-15,1,0,5
HH-03694,6.4.0,6.5.0,2024-04-19,1,6,5
HH-03695,6.4.2,6.4.2,2024-05-18,0,1,7
HH-03697,6.4.0,6.5.0,2024-03-18,1,3,2
HH-03698,6.4.0,6.5.0,2024-03-20,1,1,4
HH-03699,6.4.0,6.5.0,2024-05-13,1,4,6
HH-03701,6.4.2,6.4.2,2024-02-24,0,1,3
HH-03705,6.4.0,6.4.0,2024-03-27,0,2,3
HH-03706,6.4.2,6.4.2,2024-03-29,0,4,8
HH-03707,6.4.0,6.5.0,2024-02-10,1,1,3
HH-03709,6.4.2,6.4.2,2024-04-05,0,3,4
HH-03710,6.4.2,6.5.0,2024-03-06,1,2,6
HH-03712,6.4.2,6.5.0,2024-03-15,1,2,3
HH-03713,6.4.0,6.5.0,2024-04-15,1,1,5
HH-03715,6.4.2,6.5.0,2024-03-14,1,3,5
HH-03716,6.4.0,6.5.0,2024-04-29,1,5,5
HH-03717,6.4.2,6.4.2,2024-05-21,0,3,4
HH-03719,6.4.0,6.4.0,2024-04-01,0,5,7
HH-03721,6.4.2,6.5.0,2024-05-18,1,3,5
HH-03723,6.4.0,6.5.0,2024-02-12,1,2,4
HH-03725,6.4.2,6.4.2,2024-02-04,0,4,4
HH-03726,6.4.0,6.4.0,2024-03-08,0,4,3
HH-03731,6.4.2,6.5.0,2024-03-31,1,2,4
HH-03733,6.4.0,6.5.0,2024-02-28,1,8,4
HH-03734,6.4.0,6.5.0,2024-05-05,1,4,3
HH-03736,6.4.0,6.4.0,2024-02-20,0,9,7
HH-03739,6.4.0,6.5.0,2024-03-01,1,4,5
HH-03740,6.4.0,6.5.0,2024-02-19,1,0,6
HH-03741,6.4.0,6.4.0,2024-03-12,0,2,7
HH-03742,6.4.0,6.5.0,2024-02-25,1,1,8
HH-03744,6.4.0,6.5.0,2024-05-28,1,0,3
HH-03745,6.4.0,6.4.0,2024-02-11,0,0,5
HH-03750,6.4.2,6.4.2,2024-02-19,0,3,9
HH-03759,6.4.0,6.4.0,2024-05-11,0,5,1
HH-03761,6.4.2,6.4.2,2024-04-25,0,4,4
HH-03762,6.4.0,6.4.0,2024-02-27,0,4,4
HH-03765,6.4.2,6.4.2,2024-04-15,0,3,5
HH-03766,6.4.2,6.5.0,2024-05-21,1,3,6
HH-03768,6.4.0,6.5.0,2024-03-14,1,3,8
HH-03772,6.4.0,6.4.0,2024-05-18,0,3,5
HH-03773,6.4.0,6.4.0,2024-02-07,0,2,7
HH-03778,6.4.2,6.5.0,2024-02-07,1,5,3
HH-03783,6.4.2,6.4.2,2024-04-14,0,4,5
HH-03784,6.4.0,6.5.0,2024-02-18,1,1,1
HH-03785,6.4.0,6.4.0,2024-05-25,0,4,1
HH-03786,6.4.0,6.4.0,2024-02-10,0,6,3
HH-03787,6.4.2,6.5.0,2024-03-06,1,3,2
HH-03789,6.4.2,6.5.0,2024-04-10,1,2,2
HH-03793,6.4.2,6.5.0,2024-04-11,1,3,3
HH-03794,6.4.0,6.4.0,2024-05-06,0,6,2
HH-03795,6.4.0,6.4.0,2024-03-20,0,5,2
HH-03797,6.4.0,6.4.0,2024-03-22,0,7,3
HH-03799,6.4.0,6.4.0,2024-03-13,0,2,5
HH-03800,6.4.2,6.4.2,2024-05-19,0,4,7
HH-03802,6.4.0,6.4.0,2024-05-04,0,3,4
HH-03804,6.4.2,6.5.0,2024-04-27,1,5,3
HH-03805,6.4.2,6.4.2,2024-05-25,0,3,3
HH-03806,6.4.0,6.4.0,2024-02-20,0,3,7
HH-03807,6.4.2,6.4.2,2024-02-20,0,1,2
HH-03811,6.4.0,6.4.0,2024-04-24,0,1,3
HH-03812,6.4.2,6.4.2,2024-04-18,0,6,1
HH-03814,6.4.2,6.5.0,2024-05-10,1,4,6
HH-03815,6.4.2,6.5.0,2024-02-24,1,3,3
HH-03816,6.4.0,6.5.0,2024-02-19,1,2,1
HH-03818,6.4.0,6.4.0,2024-05-06,0,2,2
HH-03826,6.4.2,6.5.0,2024-02-10,1,2,3
HH-03828,6.4.0,6.5.0,2024-04-13,1,4,6
HH-03831,6.4.0,6.5.0,2024-02-02,1,2,7
HH-03832,6.4.2,6.5.0,2024-04-13,1,2,4
HH-03833,6.4.0,6.4.0,2024-03-03,0,7,3
HH-03836,6.4.0,6.5.0,2024-05-05,1,1,3
HH-03837,6.4.0,6.5.0,2024-04-18,1,3,5
HH-03840,6.4.0,6.5.0,2024-03-04,1,1,3
HH-03845,6.4.2,6.4.2,2024-05-28,0,8,3
HH-03847,6.4.2,6.5.0,2024-05-25,1,1,6
HH-03848,6.4.0,6.5.0,2024-04-23,1,3,4
HH-03851,6.4.0,6.4.0,2024-03-29,0,5,2
HH-03853,6.4.2,6.5.0,2024-04-01,1,3,2
HH-03854,6.4.0,6.4.0,2024-04-05,0,3,3
HH-03858,6.4.0,6.5.0,2024-03-31,1,2,4
HH-03859,6.4.2,6.5.0,2024-03-18,1,3,1
HH-03860,6.4.0,6.5.0,2024-03-19,1,3,6
HH-03861,6.4.2,6.4.2,2024-05-15,0,6,5
HH-03863,6.4.2,6.4.2,2024-03-28,0,4,3
HH-03865,6.4.2,6.5.0,2024-03-31,1,2,3
HH-03866,6.4.0,6.5.0,2024-03-12,1,1,6
HH-03867,6.4.0,6.5.0,2024-05-16,1,1,3
HH-03868,6.4.2,6.5.0,2024-03-08,1,2,8
HH-03872,6.4.2,6.5.0,2024-03-28,1,3,2
HH-03880,6.4.0,6.4.0,2024-03-18,0,2,1
HH-03881,6.4.0,6.5.0,2024-04-13,1,3,6
HH-03884,6.4.2,6.5.0,2024-04-03,1,1,3
HH-03885,6.4.2,6.5.0,2024-03-26,1,2,7
HH-03886,6.4.2,6.5.0,2024-05-16,1,1,5
HH-03887,6.4.2,6.4.2,2024-02-06,0,3,7
HH-03891,6.4.2,6.4.2,2024-03-20,0,2,3
HH-03893,6.4.0,6.4.0,2024-02-20,0,3,1
HH-03897,6.4.0,6.4.0,2024-01-31,0,1,4
HH-03902,6.4.2,6.4.2,2024-05-08,0,4,3
HH-03903,6.4.2,6.5.0,2024-03-01,1,3,6
HH-03904,6.4.2,6.5.0,2024-04-06,1,4,4
HH-03905,6.4.2,6.4.2,2024-03-18,0,5,5
HH-03906,6.4.2,6.4.2,2024-02-27,0,4,5
HH-03907,6.4.2,6.4.2,2024-02-17,0,1,2
HH-03908,6.4.0,6.4.0,2024-02-05,0,0,3
HH-03910,6.4.2,6.5.0,2024-03-09,1,4,4
HH-03911,6.4.2,6.5.0,2024-04-03,1,3,2
HH-03915,6.4.0,6.5.0,2024-03-14,1,4,3
HH-03916,6.4.0,6.5.0,2024-03-25,1,3,3
HH-03917,6.4.2,6.5.0,2024-05-13,1,0,2
HH-03918,6.4.0,6.5.0,2024-03-12,1,2,3
HH-03919,6.4.0,6.5.0,2024-02-16,1,4,2
HH-03920,6.4.0,6.4.0,2024-02-07,0,5,1
HH-03922,6.4.2,6.5.0,2024-05-11,1,1,4
HH-03923,6.4.2,6.5.0,2024-02-15,1,7,4
HH-03925,6.4.0,6.4.0,2024-02-16,0,3,5
HH-03926,6.4.0,6.4.0,2024-02-25,0,4,4
HH-03930,6.4.0,6.5.0,2024-03-04,1,3,2
HH-03933,6.4.2,6.5.0,2024-02-11,1,4,7
HH-03934,6.4.2,6.5.0,2024-04-19,1,3,5
HH-03935,6.4.2,6.4.2,2024-03-10,0,6,9
HH-03938,6.4.0,6.5.0,2024-04-13,1,0,6
HH-03940,6.4.0,6.5.0,2024-03-25,1,7,2
HH-03941,6.4.0,6.4.0,2024-03-10,0,3,4
HH-03946,6.4.2,6.5.0,2024-04-16,1,4,7
HH-03949,6.4.0,6.4.0,2024-05-02,0,2,5
HH-03951,6.4.2,6.5.0,2024-04-30,1,5,2
HH-03953,6.4.0,6.4.0,2024-05-17,0,4,3
HH-03956,6.4.2,6.5.0,2024-05-29,1,3,3
HH-03958,6.4.2,6.5.0,2024-02-07,1,2,6
HH-03961,6.4.0,6.4.0,2024-04-14,0,3,3
HH-03962,6.4.0,6.5.0,2024-03-16,1,1,1
HH-03964,6.4.0,6.5.0,2024-02-17,1,3,6
HH-03965,6.4.2,6.5.0,2024-02-05,1,3,5
HH-03966,6.4.0,6.4.0,2024-02-05,0,1,3
HH-03967,6.4.2,6.5.0,2024-02-23,1,3,4
HH-03968,6.4.0,6.5.0,2024-04-25,1,5,4
HH-03971,6.4.0,6.5.0,2024-05-17,1,3,3
HH-03974,6.4.0,6.4.0,2024-03-10,0,5,4
HH-03975,6.4.0,6.5.0,2024-04-07,1,9,4
HH-03977,6.4.2,6.4.2,2024-05-28,0,5,5
HH-03978,6.4.2,6.5.0,2024-02-12,1,5,6
HH-03980,6.4.2,6.5.0,2024-05-14,1,2,3
HH-03981,6.4.2,6.5.0,2024-03-20,1,2,5
HH-03982,6.4.2,6.5.0,2024-03-20,1,4,4
HH-03983,6.4.0,6.5.0,2024-03-05,1,4,5
HH-03985,6.4.2,6.5.0,2024-03-04,1,5,3
HH-03988,6.4.2,6.5.0,2024-01-31,1,2,3
HH-03989,6.4.0,6.4.0,2024-03-09,0,5,4
HH-03993,6.4.0,6.5.0,2024-03-06,1,3,5
HH-03995,6.4.0,6.5.0,2024-05-28,1,1,5
HH-04001,6.4.0,6.4.0,2024-03-06,0,1,0
HH-04002,6.4.2,6.5.0,2024-01-31,1,2,3
HH-04003,6.4.0,6.5.0,2024-04-15,1,0,4
HH-04004,6.4.2,6.4.2,2024-02-16,0,6,7
HH-04007,6.4.0,6.5.0,2024-02-25,1,4,6
HH-04008,6.4.0,6.5.0,2024-04-23,1,1,5
HH-04009,6.4.0,6.4.0,2024-05-09,0,3,3
HH-04017,6.4.2,6.5.0,2024-03-05,1,2,3
HH-04019,6.4.2,6.5.0,2024-02-22,1,4,5
HH-04022,6.4.0,6.4.0,2024-04-03,0,2,4
HH-04024,6.4.0,6.4.0,2024-05-13,0,4,3
HH-04025,6.4.0,6.5.0,2024-03-23,1,1,9
HH-04026,6.4.0,6.5.0,2024-03-09,1,3,2
HH-04029,6.4.0,6.5.0,2024-02-29,1,0,4
HH-04031,6.4.2,6.4.2,2024-04-07,0,6,0
HH-04033,6.4.2,6.5.0,2024-03-26,1,3,8
HH-04034,6.4.0,6.4.0,2024-02-19,0,3,1
HH-04035,6.4.2,6.5.0,2024-02-10,1,1,4
HH-04037,6.4.2,6.5.0,2024-05-26,1,2,6
HH-04038,6.4.2,6.4.2,2024-03-29,0,5,3
HH-04044,6.4.0,6.4.0,2024-04-19,0,8,4
HH-04046,6.4.0,6.4.0,2024-03-23,0,8,3
HH-04047,6.4.0,6.5.0,2024-05-06,1,3,7
HH-04049,6.4.0,6.5.0,2024-02-29,1,3,6
HH-04050,6.4.2,6.5.0,2024-04-07,1,4,12
HH-04051,6.4.0,6.4.0,2024-03-31,0,1,3
HH-04054,6.4.0,6.4.0,2024-02-19,0,6,4
HH-04062,6.4.2,6.4.2,2024-03-13,0,6,8
HH-04063,6.4.0,6.5.0,2024-04-28,1,2,3
HH-04064,6.4.0,6.5.0,2024-05-08,1,5,3
HH-04065,6.4.0,6.4.0,2024-03-28,0,3,2
HH-04067,6.4.0,6.4.0,2024-02-09,0,5,7
HH-04071,6.4.2,6.5.0,2024-04-29,1,2,4
HH-04072,6.4.0,6.5.0,2024-04-24,1,5,7
HH-04073,6.4.0,6.4.0,2024-05-12,0,3,7
HH-04075,6.4.2,6.4.2,2024-04-01,0,6,2
HH-04076,6.4.2,6.4.2,2024-02-16,0,5,0
HH-04077,6.4.2,6.4.2,2024-04-14,0,3,2
HH-04078,6.4.2,6.5.0,2024-05-07,1,4,2
HH-04081,6.4.0,6.4.0,2024-04-24,0,3,5
HH-04083,6.4.2,6.4.2,2024-03-03,0,3,2
HH-04086,6.4.0,6.5.0,2024-04-13,1,1,1
HH-04089,6.4.2,6.5.0,2024-02-18,1,3,2
HH-04090,6.4.0,6.4.0,2024-02-20,0,1,6
HH-04092,6.4.0,6.4.0,2024-02-29,0,4,0
HH-04093,6.4.2,6.5.0,2024-02-09,1,0,6
HH-04094,6.4.0,6.5.0,2024-05-08,1,3,4
HH-04100,6.4.0,6.5.0,2024-03-24,1,1,7
HH-04101,6.4.2,6.5.0,2024-02-08,1,5,4
HH-04103,6.4.2,6.5.0,2024-02-28,1,4,8
HH-04107,6.4.2,6.5.0,2024-01-31,1,2,5
HH-04109,6.4.2,6.4.2,2024-05-19,0,8,2
HH-04111,6.4.0,6.4.0,2024-04-08,0,5,0
HH-04112,6.4.0,6.4.0,2024-02-13,0,4,2
HH-04113,6.4.0,6.4.0,2024-04-24,0,5,4
HH-04115,6.4.0,6.5.0,2024-03-16,1,3,2
HH-04116,6.4.2,6.4.2,2024-04-28,0,1,3
HH-04121,6.4.0,6.4.0,2024-04-24,0,5,3
HH-04122,6.4.2,6.4.2,2024-02-05,0,3,8
HH-04124,6.4.0,6.5.0,2024-03-27,1,4,1
HH-04126,6.4.0,6.5.0,2024-03-12,1,4,1
HH-04127,6.4.2,6.5.0,2024-05-18,1,6,4
HH-04128,6.4.2,6.4.2,2024-02-01,0,3,1
HH-04131,6.4.2,6.5.0,2024-05-16,1,2,4
HH-04132,6.4.0,6.5.0,2024-03-04,1,3,4
HH-04134,6.4.2,6.5.0,2024-02-11,1,2,3
HH-04135,6.4.0,6.4.0,2024-02-05,0,6,4
HH-04136,6.4.2,6.5.0,2024-04-23,1,2,3
HH-04138,6.4.0,6.4.0,2024-05-01,0,1,4
HH-04139,6.4.2,6.4.2,2024-02-08,0,2,4
HH-04140,6.4.0,6.5.0,2024-02-27,1,2,8
HH-04143,6.4.0,6.5.0,2024-05-12,1,3,6
HH-04144,6.4.2,6.5.0,2024-04-21,1,2,4
HH-04145,6.4.0,6.5.0,2024-05-17,1,1,4
HH-04147,6.4.0,6.5.0,2024-03-24,1,6,7
HH-04148,6.4.0,6.4.0,2024-02-11,0,5,3
HH-04149,6.4.0,6.4.0,2024-05-09,0,4,7
HH-04150,6.4.0,6.5.0,2024-04-26,1,5,0
HH-04151,6.4.0,6.5.0,2024-02-21,1,2,4
HH-04153,6.4.0,6.5.0,2024-05-08,1,5,6
HH-04157,6.4.2,6.5.0,2024-04-23,1,1,2
HH-04158,6.4.2,6.5.0,2024-02-03,1,1,4
HH-04159,6.4.0,6.4.0,2024-03-30,0,6,8
HH-04161,6.4.2,6.4.2,2024-03-26,0,6,6
HH-04162,6.4.2,6.4.2,2024-03-28,0,1,2
HH-04165,6.4.2,6.5.0,2024-05-02,1,4,9
HH-04177,6.4.2,6.4.2,2024-05-10,0,2,3
HH-04178,6.4.0,6.4.0,2024-04-12,0,4,6
HH-04180,6.4.0,6.4.0,2024-02-03,0,3,1
HH-04181,6.4.0,6.4.0,2024-03-19,0,6,6
HH-04183,6.4.2,6.5.0,2024-02-07,1,3,3
HH-04184,6.4.2,6.4.2,2024-03-01,0,2,4
HH-04185,6.4.2,6.5.0,2024-03-07,1,4,2
HH-04186,6.4.2,6.4.2,2024-02-11,0,5,3
HH-04189,6.4.2,6.5.0,2024-04-06,1,2,4
HH-04193,6.4.2,6.5.0,2024-03-14,1,2,4
HH-04194,6.4.2,6.5.0,2024-05-05,1,3,3
HH-04196,6.4.2,6.4.2,2024-05-03,0,3,2
HH-04198,6.4.2,6.4.2,2024-05-22,0,4,4
HH-04199,6.4.0,6.4.0,2024-03-19,0,5,6
HH-04201,6.4.0,6.4.0,2024-03-15,0,1,6
HH-04202,6.4.0,6.4.0,2024-04-17,0,3,3
HH-04203,6.4.0,6.4.0,2024-03-08,0,3,3
HH-04206,6.4.0,6.4.0,2024-02-20,0,7,6
HH-04207,6.4.2,6.4.2,2024-05-16,0,5,8
HH-04208,6.4.2,6.4.2,2024-02-01,0,9,3
HH-04209,6.4.0,6.4.0,2024-05-08,0,1,6
HH-04213,6.4.0,6.4.0,2024-03-09,0,1,2
HH-04216,6.4.0,6.4.0,2024-03-30,0,5,5
HH-04218,6.4.2,6.4.2,2024-02-17,0,4,0
HH-04221,6.4.0,6.4.0,2024-03-14,0,2,4
HH-04222,6.4.0,6.4.0,2024-05-26,0,5,8
HH-04226,6.4.0,6.4.0,2024-02-10,0,3,5
HH-04228,6.4.0,6.4.0,2024-03-06,0,2,5
HH-04229,6.4.2,6.5.0,2024-04-04,1,2,8
HH-04230,6.4.0,6.4.0,2024-05-23,0,3,4
HH-04233,6.4.0,6.5.0,2024-05-09,1,5,3
HH-04234,6.4.2,6.4.2,2024-04-27,0,4,2
HH-04238,6.4.0,6.4.0,2024-02-13,0,4,0
HH-04239,6.4.2,6.4.2,2024-02-04,0,8,2
HH-04241,6.4.2,6.4.2,2024-05-12,0,7,2
HH-04242,6.4.2,6.4.2,2024-03-11,0,4,4
HH-04243,6.4.2,6.5.0,2024-05-11,1,2,2
HH-04244,6.4.0,6.4.0,2024-02-25,0,1,3
HH-04246,6.4.0,6.5.0,2024-03-30,1,4,6
HH-04247,6.4.0,6.5.0,2024-03-06,1,1,3
HH-04251,6.4.2,6.5.0,2024-03-05,1,5,5
HH-04254,6.4.2,6.4.2,2024-04-25,0,6,2
HH-04258,6.4.2,6.4.2,2024-02-20,0,2,0
HH-04260,6.4.0,6.4.0,2024-02-19,0,2,2
HH-04261,6.4.0,6.5.0,2024-05-27,1,1,5
HH-04262,6.4.2,6.5.0,2024-02-21,1,1,4
HH-04263,6.4.2,6.4.2,2024-04-26,0,3,2
HH-04264,6.4.2,6.5.0,2024-05-22,1,2,3
HH-04271,6.4.0,6.4.0,2024-03-04,0,3,10
HH-04272,6.4.2,6.5.0,2024-04-22,1,1,4
HH-04273,6.4.0,6.5.0,2024-04-04,1,2,4
HH-04274,6.4.2,6.5.0,2024-04-27,1,2,2
HH-04277,6.4.0,6.5.0,2024-04-30,1,6,5
HH-04280,6.4.0,6.4.0,2024-05-24,0,6,8
HH-04282,6.4.2,6.5.0,2024-03-23,1,3,1
HH-04284,6.4.2,6.4.2,2024-04-02,0,3,7
HH-04285,6.4.2,6.4.2,2024-05-29,0,4,8
HH-04286,6.4.2,6.4.2,2024-04-30,0,5,6
HH-04287,6.4.2,6.5.0,2024-02-14,1,4,3
HH-04288,6.4.0,6.5.0,2024-03-14,1,2,3
HH-04290,6.4.0,6.4.0,2024-02-28,0,7,3
HH-04291,6.4.0,6.4.0,2024-05-02,0,4,5
HH-04292,6.4.0,6.5.0,2024-04-25,1,2,5
HH-04293,6.4.0,6.5.0,2024-03-22,1,2,3
HH-04297,6.4.2,6.5.0,2024-02-22,1,4,2
HH-04301,6.4.0,6.4.0,2024-03-31,0,7,6
HH-04302,6.4.2,6.4.2,2024-04-12,0,4,7
HH-04303,6.4.0,6.4.0,2024-02-04,0,5,3
HH-04304,6.4.2,6.4.2,2024-03-13,0,4,6
HH-04307,6.4.2,6.4.2,2024-04-17,0,5,3
HH-04312,6.4.2,6.5.0,2024-05-26,1,8,6
HH-04314,6.4.0,6.5.0,2024-03-26,1,5,6
HH-04316,6.4.2,6.4.2,2024-02-09,0,8,7
HH-04318,6.4.2,6.5.0,2024-04-24,1,2,3
HH-04319,6.4.2,6.5.0,2024-02-25,1,6,2
HH-04322,6.4.2,6.4.2,2024-03-08,0,4,2
HH-04323,6.4.0,6.4.0,2024-05-15,0,4,2
HH-04326,6.4.2,6.4.2,2024-05-20,0,4,2
HH-04329,6.4.2,6.4.2,2024-04-10,0,8,3
HH-04330,6.4.2,6.4.2,2024-05-20,0,1,1
HH-04331,6.4.2,6.5.0,2024-02-11,1,3,6
HH-04332,6.4.0,6.5.0,2024-04-06,1,2,6
HH-04333,6.4.2,6.4.2,2024-05-09,0,5,4
HH-04334,6.4.0,6.5.0,2024-02-11,1,2,5
HH-04336,6.4.2,6.4.2,2024-03-30,0,4,3
HH-04339,6.4.0,6.5.0,2024-05-03,1,3,2
HH-04340,6.4.2,6.5.0,2024-05-13,1,3,2
HH-04341,6.4.0,6.4.0,2024-04-16,0,4,6
HH-04342,6.4.2,6.4.2,2024-03-29,0,6,4
HH-04343,6.4.2,6.5.0,2024-04-14,1,4,4
HH-04346,6.4.2,6.5.0,2024-02-11,1,4,5
HH-04348,6.4.2,6.5.0,2024-05-07,1,4,4
HH-04355,6.4.2,6.4.2,2024-05-19,0,3,3
HH-04356,6.4.2,6.5.0,2024-02-22,1,2,4
HH-04359,6.4.2,6.5.0,2024-02-01,1,1,3
HH-04360,6.4.0,6.4.0,2024-05-21,0,9,5
HH-04361,6.4.2,6.5.0,2024-04-02,1,3,3
HH-04362,6.4.0,6.5.0,2024-04-13,1,2,2
HH-04365,6.4.0,6.5.0,2024-05-09,1,4,3
HH-04366,6.4.0,6.5.0,2024-04-17,1,6,4
HH-04367,6.4.2,6.5.0,2024-02-10,1,2,5
HH-04368,6.4.2,6.4.2,2024-03-10,0,2,1
HH-04369,6.4.0,6.5.0,2024-04-17,1,2,3
HH-04370,6.4.2,6.5.0,2024-04-13,1,2,2
HH-04376,6.4.2,6.4.2,2024-02-05,0,4,3
HH-04377,6.4.0,6.5.0,2024-04-16,1,2,5
HH-04382,6.4.0,6.5.0,2024-02-02,1,1,5
HH-04384,6.4.0,6.4.0,2024-02-29,0,4,6
HH-04388,6.4.0,6.4.0,2024-04-19,0,4,5
HH-04389,6.4.0,6.5.0,2024-03-22,1,4,2
HH-04393,6.4.2,6.5.0,2024-02-22,1,3,6
HH-04397,6.4.0,6.4.0,2024-03-11,0,4,3
HH-04398,6.4.0,6.4.0,2024-02-13,0,2,4
HH-04400,6.4.2,6.5.0,2024-03-19,1,1,2
HH-04402,6.4.0,6.5.0,2024-05-21,1,3,1
HH-04405,6.4.0,6.4.0,2024-04-21,0,7,4
HH-04407,6.4.0,6.4.0,2024-04-19,0,4,6
HH-04409,6.4.0,6.5.0,2024-04-23,1,4,3
HH-04411,6.4.2,6.5.0,2024-03-08,1,1,2
HH-04412,6.4.2,6.4.2,2024-03-24,0,1,6
HH-04414,6.4.0,6.4.0,2024-03-05,0,2,1
HH-04416,6.4.0,6.5.0,2024-05-07,1,6,10
HH-04418,6.4.0,6.5.0,2024-04-30,1,3,2
HH-04419,6.4.0,6.4.0,2024-05-07,0,3,4
HH-04421,6.4.0,6.5.0,2024-05-11,1,6,6
HH-04422,6.4.0,6.4.0,2024-02-03,0,6,3
HH-04423,6.4.0,6.5.0,2024-02-02,1,4,5
HH-04425,6.4.2,6.4.2,2024-05-10,0,3,4
HH-04427,6.4.2,6.4.2,2024-04-06,0,2,7
HH-04428,6.4.0,6.5.0,2024-04-05,1,1,5
HH-04429,6.4.2,6.4.2,2024-03-21,0,1,5
HH-04430,6.4.2,6.5.0,2024-04-23,1,0,5
HH-04432,6.4.2,6.4.2,2024-03-09,0,5,6
HH-04436,6.4.2,6.5.0,2024-03-17,1,6,3
HH-04439,6.4.2,6.4.2,2024-04-18,0,5,5
HH-04444,6.4.0,6.4.0,2024-04-03,0,3,3
HH-04447,6.4.2,6.4.2,2024-03-05,0,4,4
HH-04450,6.4.0,6.4.0,2024-03-29,0,2,3
HH-04451,6.4.2,6.4.2,2024-02-10,0,3,1
HH-04456,6.4.0,6.4.0,2024-03-21,0,5,6
HH-04458,6.4.2,6.4.2,2024-05-08,0,5,3
HH-04460,6.4.2,6.4.2,2024-02-27,0,3,5
HH-04462,6.4.2,6.5.0,2024-02-01,1,4,4
HH-04463,6.4.0,6.5.0,2024-03-20,1,1,7
HH-04464,6.4.2,6.4.2,2024-02-23,0,2,2
HH-04468,6.4.0,6.4.0,2024-02-25,0,5,6
HH-04470,6.4.0,6.5.0,2024-04-30,1,3,5
HH-04471,6.4.2,6.5.0,2024-04-11,1,1,2
HH-04475,6.4.2,6.4.2,2024-03-24,0,4,1
HH-04482,6.4.2,6.4.2,2024-02-20,0,3,0
HH-04483,6.4.2,6.5.0,2024-05-17,1,3,2
HH-04485,6.4.2,6.4.2,2024-03-22,0,4,3
HH-04490,6.4.0,6.5.0,2024-02-13,1,3,3
HH-04494,6.4.2,6.5.0,2024-03-20,1,3,2
HH-04495,6.4.0,6.5.0,2024-03-17,1,1,3
HH-04496,6.4.0,6.4.0,2024-05-27,0,3,4
HH-04497,6.4.0,6.4.0,2024-05-23,0,4,4
HH-04500,6.4.0,6.4.0,2024-02-21,0,2,7
HH-04501,6.4.2,6.4.2,2024-05-26,0,3,1
HH-04502,6.4.0,6.5.0,2024-04-11,1,3,2
HH-04505,6.4.0,6.4.0,2024-02-12,0,6,3
HH-04507,6.4.2,6.4.2,2024-03-11,0,7,9
HH-04510,6.4.0,6.4.0,2024-05-11,0,4,5
HH-04511,6.4.0,6.4.0,2024-04-09,0,2,3
HH-04513,6.4.2,6.5.0,2024-02-27,1,3,4
HH-04514,6.4.2,6.4.2,2024-02-27,0,3,5
HH-04516,6.4.0,6.4.0,2024-03-20,0,2,7
HH-04517,6.4.2,6.5.0,2024-03-20,1,1,5
HH-04518,6.4.0,6.4.0,2024-04-02,0,8,1
HH-04519,6.4.0,6.5.0,2024-02-10,1,1,7
HH-04521,6.4.2,6.5.0,2024-03-13,1,3,3
HH-04523,6.4.2,6.4.2,2024-03-29,0,5,3
HH-04525,6.4.0,6.4.0,2024-05-02,0,3,4
HH-04533,6.4.2,6.5.0,2024-03-19,1,1,1
HH-04534,6.4.0,6.5.0,2024-04-13,1,1,2
HH-04535,6.4.0,6.4.0,2024-04-21,0,3,2
HH-04536,6.4.2,6.5.0,2024-04-28,1,1,3
HH-04537,6.4.2,6.5.0,2024-05-21,1,1,1
HH-04539,6.4.0,6.5.0,2024-02-03,1,2,4
HH-04543,6.4.0,6.4.0,2024-04-21,0,3,2
HH-04548,6.4.0,6.4.0,2024-02-01,0,3,3
HH-04552,6.4.2,6.5.0,2024-02-22,1,2,9
HH-04553,6.4.2,6.5.0,2024-05-29,1,1,4
HH-04554,6.4.2,6.4.2,2024-02-18,0,4,3
HH-04555,6.4.2,6.4.2,2024-02-18,0,5,0
HH-04557,6.4.0,6.4.0,2024-04-29,0,2,7
HH-04558,6.4.2,6.4.2,2024-04-23,0,5,1
HH-04559,6.4.0,6.5.0,2024-02-07,1,3,7
HH-04560,6.4.2,6.5.0,2024-05-02,1,1,10
HH-04562,6.4.2,6.4.2,2024-03-01,0,3,2
HH-04563,6.4.0,6.5.0,2024-04-03,1,2,8
HH-04566,6.4.2,6.5.0,2024-04-20,1,2,3
HH-04568,6.4.0,6.4.0,2024-04-27,0,2,1
HH-04569,6.4.2,6.5.0,2024-04-02,1,4,5
HH-04570,6.4.0,6.5.0,2024-02-20,1,1,4
HH-04574,6.4.0,6.4.0,2024-03-18,0,4,3
HH-04576,6.4.2,6.5.0,2024-05-06,1,5,6
HH-04577,6.4.2,6.5.0,2024-04-05,1,3,4
HH-04581,6.4.0,6.4.0,2024-02-12,0,1,8
HH-04585,6.4.2,6.4.2,2024-03-22,0,1,4
HH-04587,6.4.0,6.5.0,2024-04-06,1,4,3
HH-04589,6.4.2,6.5.0,2024-03-25,1,3,4
HH-04590,6.4.0,6.4.0,2024-04-29,0,2,4
HH-04592,6.4.2,6.4.2,2024-03-25,0,2,5
HH-04593,6.4.0,6.4.0,2024-05-12,0,2,5
HH-04596,6.4.0,6.4.0,2024-04-12,0,0,5
HH-04599,6.4.0,6.4.0,2024-05-09,0,1,3
HH-04601,6.4.2,6.4.2,2024-02-18,0,5,8
HH-04604,6.4.2,6.5.0,2024-03-09,1,2,3
HH-04605,6.4.2,6.5.0,2024-03-08,1,5,2
HH-04606,6.4.2,6.4.2,2024-02-11,0,3,2
HH-04607,6.4.0,6.4.0,2024-03-07,0,2,2
HH-04609,6.4.2,6.4.2,2024-03-07,0,4,3
HH-04610,6.4.2,6.4.2,2024-05-20,0,5,5
HH-04616,6.4.2,6.5.0,2024-02-24,1,4,2
HH-04618,6.4.2,6.4.2,2024-05-15,0,8,5
HH-04620,6.4.0,6.4.0,2024-01-31,0,6,6
HH-04622,6.4.0,6.4.0,2024-02-24,0,6,4
HH-04623,6.4.2,6.4.2,2024-04-18,0,2,3
HH-04624,6.4.0,6.5.0,2024-05-13,1,1,2
HH-04626,6.4.0,6.4.0,2024-04-08,0,3,6
HH-04629,6.4.0,6.4.0,2024-03-30,0,2,4
HH-04631,6.4.2,6.4.2,2024-03-06,0,3,3
HH-04633,6.4.2,6.5.0,2024-05-16,1,1,5
HH-04638,6.4.0,6.4.0,2024-02-20,0,3,2
HH-04640,6.4.0,6.4.0,2024-02-12,0,9,4
HH-04641,6.4.0,6.4.0,2024-04-16,0,8,1
HH-04645,6.4.2,6.4.2,2024-04-21,0,1,9
HH-04646,6.4.2,6.5.0,2024-04-27,1,1,4
HH-04647,6.4.0,6.5.0,2024-03-12,1,1,3
HH-04648,6.4.0,6.5.0,2024-03-26,1,4,4
HH-04654,6.4.0,6.5.0,2024-04-22,1,3,2
HH-04655,6.4.0,6.4.0,2024-05-12,0,3,4
HH-04658,6.4.2,6.5.0,2024-05-28,1,2,5
HH-04659,6.4.2,6.5.0,2024-02-27,1,3,5
HH-04660,6.4.0,6.5.0,2024-05-03,1,1,1
HH-04665,6.4.2,6.5.0,2024-05-05,1,2,4
HH-04668,6.4.2,6.5.0,2024-03-03,1,4,2
HH-04669,6.4.2,6.4.2,2024-03-08,0,7,2
HH-04670,6.4.0,6.4.0,2024-03-02,0,6,7
HH-04671,6.4.2,6.5.0,2024-05-05,1,2,4
HH-04672,6.4.0,6.4.0,2024-04-22,0,4,8
HH-04674,6.4.0,6.5.0,2024-05-28,1,2,4
HH-04675,6.4.0,6.5.0,2024-02-24,1,1,3
HH-04678,6.4.0,6.4.0,2024-03-03,0,3,4
HH-04680,6.4.0,6.5.0,2024-05-24,1,2,4
HH-04683,6.4.2,6.5.0,2024-04-12,1,2,6
HH-04684,6.4.0,6.4.0,2024-04-05,0,3,3
HH-04685,6.4.0,6.4.0,2024-02-08,0,5,4
HH-04688,6.4.0,6.5.0,2024-05-29,1,0,4
HH-04689,6.4.2,6.5.0,2024-02-18,1,1,6
HH-04691,6.4.0,6.4.0,2024-04-03,0,8,6
HH-04692,6.4.0,6.5.0,2024-04-14,1,1,3
HH-04693,6.4.2,6.5.0,2024-02-13,1,6,6
HH-04694,6.4.0,6.5.0,2024-05-03,1,4,2
HH-04695,6.4.0,6.4.0,2024-05-15,0,6,7
HH-04697,6.4.2,6.5.0,2024-03-27,1,3,6
HH-04698,6.4.0,6.5.0,2024-05-24,1,1,1
HH-04699,6.4.2,6.5.0,2024-05-24,1,0,6
HH-04700,6.4.2,6.4.2,2024-02-24,0,4,5
HH-04702,6.4.2,6.5.0,2024-04-20,1,4,1
HH-04703,6.4.2,6.4.2,2024-05-05,0,4,4
HH-04707,6.4.0,6.5.0,2024-04-06,1,2,3
HH-04709,6.4.0,6.4.0,2024-02-26,0,3,3
HH-04714,6.4.0,6.4.0,2024-04-22,0,2,0
HH-04715,6.4.0,6.5.0,2024-05-04,1,3,3
HH-04719,6.4.2,6.4.2,2024-05-10,0,5,2
HH-04720,6.4.2,6.5.0,2024-05-25,1,2,4
HH-04721,6.4.0,6.5.0,2024-03-09,1,5,1
HH-04722,6.4.2,6.5.0,2024-02-06,1,1,4
HH-04723,6.4.2,6.4.2,2024-05-21,0,4,2
HH-04726,6.4.2,6.4.2,2024-04-26,0,6,5
HH-04731,6.4.2,6.5.0,2024-04-14,1,1,1
HH-04732,6.4.0,6.5.0,2024-02-13,1,5,2
HH-04733,6.4.2,6.4.2,2024-05-29,0,1,3
HH-04734,6.4.2,6.5.0,2024-04-24,1,1,3
HH-04735,6.4.2,6.5.0,2024-04-01,1,4,2
HH-04736,6.4.2,6.5.0,2024-04-30,1,3,5
HH-04739,6.4.2,6.4.2,2024-05-11,0,3,5
HH-04743,6.4.2,6.5.0,2024-04-04,1,5,4
HH-04745,6.4.2,6.5.0,2024-04-25,1,3,3
HH-04746,6.4.2,6.4.2,2024-03-18,0,3,3
HH-04752,6.4.0,6.4.0,2024-03-18,0,5,4
HH-04753,6.4.2,6.5.0,2024-02-10,1,1,5
HH-04759,6.4.0,6.5.0,2024-04-30,1,3,7
HH-04766,6.4.2,6.4.2,2024-03-29,0,4,2
HH-04767,6.4.2,6.5.0,2024-05-21,1,3,3
HH-04770,6.4.2,6.5.0,2024-04-02,1,0,5
HH-04773,6.4.0,6.5.0,2024-02-12,1,2,4
HH-04774,6.4.2,6.4.2,2024-03-04,0,4,2
HH-04775,6.4.0,6.5.0,2024-04-27,1,5,0
HH-04776,6.4.0,6.5.0,2024-05-04,1,2,2
HH-04778,6.4.0,6.4.0,2024-02-22,0,4,5
HH-04779,6.4.2,6.4.2,2024-05-26,0,6,6
HH-04781,6.4.0,6.5.0,2024-03-24,1,6,2
HH-04782,6.4.2,6.5.0,2024-05-26,1,3,2
HH-04784,6.4.0,6.5.0,2024-03-09,1,3,2
HH-04785,6.4.2,6.5.0,2024-02-24,1,3,7
HH-04788,6.4.0,6.5.0,2024-04-27,1,1,4
HH-04791,6.4.0,6.5.0,2024-03-10,1,3,6
HH-04794,6.4.0,6.4.0,2024-02-02,0,6,5
HH-04795,6.4.0,6.5.0,2024-02-23,1,3,8
HH-04797,6.4.2,6.5.0,2024-02-06,1,6,6
HH-04798,6.4.0,6.4.0,2024-04-19,0,4,2
HH-04800,6.4.2,6.5.0,2024-03-23,1,3,1
HH-04803,6.4.2,6.4.2,2024-02-29,0,5,4
HH-04804,6.4.0,6.4.0,2024-03-25,0,4,2
HH-04805,6.4.2,6.5.0,2024-03-26,1,3,4
HH-04806,6.4.2,6.4.2,2024-05-16,0,6,2
HH-04807,6.4.2,6.5.0,2024-03-15,1,2,4
HH-04809,6.4.0,6.5.0,2024-02-15,1,4,2
HH-04811,6.4.2,6.4.2,2024-05-16,0,4,2
HH-04813,6.4.2,6.4.2,2024-04-27,0,4,5
HH-04815,6.4.2,6.4.2,2024-02-13,0,5,3
HH-04816,6.4.0,6.4.0,2024-02-20,0,3,2
HH-04817,6.4.0,6.4.0,2024-02-02,0,2,0
HH-04820,6.4.2,6.5.0,2024-04-25,1,6,5
HH-04821,6.4.2,6.4.2,2024-02-16,0,5,2
HH-04822,6.4.2,6.4.2,2024-05-04,0,2,2
HH-04824,6.4.0,6.5.0,2024-03-23,1,3,3
HH-04825,6.4.2,6.4.2,2024-03-27,0,4,3
HH-04826,6.4.0,6.4.0,2024-05-02,0,6,6
HH-04827,6.4.0,6.4.0,2024-03-23,0,7,3
HH-04828,6.4.2,6.5.0,2024-02-13,1,3,3
HH-04829,6.4.2,6.4.2,2024-02-04,0,7,2
HH-04830,6.4.0,6.5.0,2024-02-04,1,3,5
HH-04838,6.4.2,6.5.0,2024-04-14,1,1,4
HH-04839,6.4.2,6.4.2,2024-03-11,0,1,6
HH-04843,6.4.2,6.4.2,2024-05-11,0,1,5
HH-04845,6.4.0,6.5.0,2024-05-05,1,1,3
HH-04846,6.4.2,6.5.0,2024-04-10,1,4,4
HH-04848,6.4.0,6.5.0,2024-05-10,1,1,3
HH-04849,6.4.0,6.5.0,2024-04-24,1,6,7
HH-04850,6.4.2,6.4.2,2024-03-04,0,5,7
HH-04853,6.4.0,6.4.0,2024-03-06,0,5,7
HH-04855,6.4.0,6.5.0,2024-05-11,1,4,5
HH-04857,6.4.0,6.4.0,2024-03-10,0,4,3
HH-04860,6.4.2,6.5.0,2024-04-27,1,2,0
HH-04861,6.4.0,6.5.0,2024-03-11,1,3,1
HH-04863,6.4.2,6.5.0,2024-05-07,1,0,3
HH-04864,6.4.2,6.5.0,2024-02-02,1,1,5
HH-04866,6.4.0,6.5.0,2024-05-15,1,1,4
HH-04871,6.4.0,6.5.0,2024-02-18,1,6,3
HH-04874,6.4.0,6.5.0,2024-05-27,1,0,3
HH-04878,6.4.2,6.5.0,2024-05-07,1,3,5
HH-04879,6.4.0,6.5.0,2024-03-30,1,2,8
HH-04880,6.4.0,6.5.0,2024-03-27,1,3,2
HH-04881,6.4.0,6.4.0,2024-04-07,0,3,9
HH-04885,6.4.2,6.5.0,2024-02-28,1,2,2
HH-04887,6.4.2,6.4.2,2024-02-07,0,1,1
HH-04890,6.4.2,6.4.2,2024-02-09,0,3,6
HH-04892,6.4.2,6.5.0,2024-04-12,1,2,1
HH-04893,6.4.2,6.4.2,2024-05-22,0,2,3
HH-04894,6.4.2,6.4.2,2024-04-14,0,6,3
HH-04896,6.4.2,6.4.2,2024-03-27,0,4,1
HH-04897,6.4.2,6.4.2,2024-05-27,0,4,3
HH-04898,6.4.2,6.5.0,2024-03-04,1,2,4
HH-04903,6.4.0,6.5.0,2024-03-06,1,3,5
HH-04905,6.4.0,6.5.0,2024-02-10,1,3,7
HH-04906,6.4.2,6.4.2,2024-03-20,0,8,2
HH-04913,6.4.2,6.4.2,2024-02-14,0,3,4
HH-04914,6.4.0,6.5.0,2024-04-06,1,3,6
HH-04919,6.4.0,6.5.0,2024-02-11,1,4,2
HH-04922,6.4.2,6.5.0,2024-02-12,1,4,7
HH-04923,6.4.2,6.5.0,2024-03-03,1,4,5
HH-04924,6.4.0,6.5.0,2024-02-19,1,0,3
HH-04926,6.4.0,6.5.0,2024-02-27,1,2,7
HH-04928,6.4.2,6.4.2,2024-02-27,0,5,2
HH-04930,6.4.2,6.5.0,2024-02-29,1,4,4
HH-04936,6.4.0,6.5.0,2024-03-26,1,3,1
HH-04937,6.4.2,6.5.0,2024-05-14,1,5,6
HH-04939,6.4.2,6.5.0,2024-04-14,1,1,3
HH-04943,6.4.2,6.5.0,2024-02-22,1,5,3
HH-04948,6.4.0,6.5.0,2024-05-11,1,1,2
HH-04949,6.4.0,6.4.0,2024-02-24,0,5,5
HH-04950,6.4.0,6.4.0,2024-03-11,0,9,5
HH-04951,6.4.2,6.5.0,2024-04-11,1,4,4
HH-04952,6.4.0,6.5.0,2024-01-31,1,4,3
HH-04956,6.4.2,6.5.0,2024-03-09,1,4,1
HH-04957,6.4.2,6.5.0,2024-05-04,1,4,1
HH-04958,6.4.2,6.4.2,2024-04-12,0,6,2
HH-04960,6.4.0,6.5.0,2024-03-03,1,2,5
HH-04961,6.4.0,6.4.0,2024-05-07,0,6,7
HH-04962,6.4.0,6.4.0,2024-05-18,0,4,3
HH-04963,6.4.0,6.5.0,2024-05-24,1,4,4
HH-04964,6.4.0,6.5.0,2024-03-06,1,3,6
HH-04965,6.4.0,6.4.0,2024-04-22,0,4,2
HH-04966,6.4.2,6.5.0,2024-02-26,1,3,5
HH-04968,6.4.2,6.5.0,2024-02-15,1,0,1
HH-04974,6.4.0,6.5.0,2024-04-08,1,3,5
HH-04976,6.4.0,6.4.0,2024-04-22,0,1,4
HH-04977,6.4.2,6.5.0,2024-04-17,1,4,2
HH-04979,6.4.2,6.4.2,2024-04-11,0,1,2
HH-04981,6.4.2,6.4.2,2024-05-20,0,6,3
HH-04985,6.4.0,6.4.0,2024-04-07,0,5,2
HH-04989,6.4.2,6.4.2,2024-02-13,0,3,2
HH-04990,6.4.0,6.4.0,2024-03-03,0,5,7
HH-04992,6.4.0,6.4.0,2024-02-13,0,5,2
HH-04993,6.4.2,6.4.2,2024-02-25,0,4,6
HH-04998,6.4.0,6.4.0,2024-04-24,0,7,5
